Country Name,Country Code,Indicator Name,Indicator Code,Attribute,1990,1991,1992,1993,1994,1995,1996,1997,1998,1999,2000,2001,2002,2003,2004,2005,2006,2007,2008,2009,2010,2011,2012,2013
Mauritius,684,Gender Development Index,GE_GDI,Value,0.903115451,0.905481517,0.90717411,0.910896599,0.913349509,0.917275965,0.920160353,0.920541227,0.920580983,0.919393182,0.917588294,0.924324751,0.925633609,0.925978124,0.927162468,0.932745755,0.93883419,0.941932082,0.945706904,0.949422479,0.951969981,0.955889702,0.956807613,0.956612408
Mauritius,684,Gender Inequality Index,GE_GII,Value,0.505687416,0.502605021,0.498920232,0.492967635,0.48726815,0.482359588,0.470233649,0.456662565,0.444080293,0.429372549,0.429767907,0.430430949,0.432081789,0.432369471,0.432733208,0.358439773,0.369792968,0.381489217,0.387656271,0.394510418,0.392353833,0.391204208,0.390154302,0.389784396
Mexico,273,Gender Development Index,GE_GDI,Value,0.886701345,0.886303902,0.888046384,0.898922026,0.900829136,0.902707219,0.9059816,0.906081021,0.907908559,0.906687081,0.91029346,0.910506546,0.914443195,0.917676747,0.9212026,0.923413754,0.927484453,0.930120289,0.933232605,0.938857079,0.941404343,0.944050431,0.942741692,0.943020582
Mexico,273,Gender Inequality Index,GE_GII,Value,0.529218674,0.525755584,0.519203067,0.514178395,0.508967102,0.501930773,0.499646336,0.493357927,0.479418725,0.474600554,0.476976037,0.473056942,0.46575892,0.441308737,0.43127954,0.420254111,0.420237273,0.414440006,0.410382837,0.397329062,0.396467179,0.396157563,0.372871369,0.372370839
Moldova,921,Gender Development Index,GE_GDI,Value,,,,,,0.95834285,0.962031126,0.963604569,0.965255439,0.965138376,0.97145462,0.975533366,0.980345368,0.983788967,0.988539279,0.99198097,0.992572069,0.990616024,0.991611421,0.989945114,0.989649832,0.991835773,0.991962612,0.993045688
Moldova,921,Gender Inequality Index,GE_GII,Value,,,,,,,,0.461861074,0.428550124,0.399294287,0.392309725,0.348513871,0.332363933,0.32511422,0.301354498,0.269899279,0.283388466,0.2880207,0.2931467,0.294357717,0.311991513,0.29251042,0.272445321,0.24969995
Mongolia,948,Gender Development Index,GE_GDI,Value,,,,,,,1.003994823,1.00553441,1.009034634,1.007651925,1.010573268,1.01165843,1.016720295,1.016635299,1.019696474,1.016484499,1.019404411,1.022014499,1.026353478,1.021680355,1.0190171,1.016183019,1.015989423,1.015467882
Mongolia,948,Gender Inequality Index,GE_GII,Value,0.378975898,0.390132934,0.401660591,0.409148812,0.417319834,0.426885813,0.435475171,0.447429687,0.442022234,0.436285287,0.413286835,0.402971953,0.39178142,0.384944052,0.405218452,0.399343371,0.395626605,0.3910245,0.417303711,0.419784278,0.416925192,0.414727867,0.32736212,0.323025078
Morocco,686,Gender Development Index,GE_GDI,Value,0.716873825,0.722256601,0.724151492,0.728382707,0.739558637,0.741850436,0.748287559,0.754772723,0.765650213,0.774465263,0.779806674,0.778340161,0.782118678,0.796335816,0.804653525,0.804219544,0.807477295,0.812171817,0.812121868,0.816213489,0.821237326,0.82463026,0.826996803,0.82948333
Morocco,686,Gender Inequality Index,GE_GII,Value,0.807207465,0.808139443,0.78372246,0.766427755,0.750807166,0.738668859,0.726104558,0.715649068,0.709718466,0.704300761,0.701909781,0.705907285,0.5622437,0.550694346,0.543370843,0.540084183,0.538191974,0.536250114,0.535906434,0.536215127,0.53218174,0.503967226,0.502639592,0.498253435
Mozambique,688,Gender Development Index,GE_GDI,Value,0.792056203,0.79645735,0.787920475,0.790777147,0.792470336,0.798516631,0.801555216,0.803965688,0.804521084,0.822066903,0.826232314,0.833398223,0.839851081,0.838770986,0.851885915,0.85492754,0.861184955,0.863267481,0.866858304,0.872294962,0.87469238,0.876221895,0.87712574,0.878577352
Mozambique,688,Gender Inequality Index,GE_GII,Value,0.66879636,0.663051128,0.65732038,0.653121293,0.649110436,0.645299137,0.641623676,0.638166249,0.641188562,0.638377845,0.635255277,0.638998389,0.642188787,0.640056908,0.629536331,0.626789451,0.623819232,0.620674253,0.617007554,0.605921388,0.601716995,0.597708106,0.593625844,0.589383125
Myanmar,518,Gender Development Index,GE_GDI,Value,,,1.096114039,1.086790562,1.077189565,1.068154335,1.060425878,1.052976489,1.045734406,1.038683772,1.031729937,0.964285433,0.96896255,0.96460247,,,,,,,,,,
Myanmar,518,Gender Inequality Index,GE_GII,Value,,,,,,,,,,,,,,,,,,,,,0.435005099,0.440670729,0.401488066,0.394608498
Namibia,728,Gender Development Index,GE_GDI,Value,,0.959750712,0.961502016,0.963906109,0.9611395,0.960355997,0.959805846,0.957421601,0.954286993,0.952621579,0.952785552,0.953267574,0.959389508,0.961212456,0.966028333,0.969446898,0.975131452,0.978754997,0.981503546,0.982907176,0.98376894,0.983631492,0.983044446,0.982335925
Namibia,728,Gender Inequality Index,GE_GII,Value,0.607217848,0.590254426,0.57592988,0.562567711,0.551119268,0.540714741,0.532784581,0.525541008,0.524139643,0.522571027,0.514841855,0.510833383,0.506871343,0.500374556,0.499473333,0.492158175,0.485090047,0.477565706,0.467213482,0.456348926,0.449732989,0.440376461,0.430184662,0.420497835
Nepal,558,Gender Development Index,GE_GDI,Value,0.722011983,0.735100031,0.736634254,0.738140643,0.739592135,0.740976274,0.743092477,0.745184779,0.745903075,0.710452795,0.764383793,0.767510474,0.781604886,0.791344166,0.794032156,0.81388396,0.828083575,0.830959857,0.845101655,0.883357763,0.896240413,0.901010692,0.901073217,0.906247377
Nepal,558,Gender Inequality Index,GE_GII,Value,0.709672093,0.709462523,0.709279597,0.708661377,0.708136916,0.707619548,0.707564056,0.707737148,0.702785194,0.673597455,0.668021977,0.661897361,0.65568471,0.649025261,0.642008603,0.634677291,0.627603471,0.564356804,0.517941177,0.508501768,0.498643309,0.491862178,0.48473531,0.479173273
Netherlands,138,Gender Development Index,GE_GDI,Value,0.918967605,0.921097934,0.92378819,0.928041875,0.923452377,0.928006411,0.929845929,0.931263864,0.933534384,0.933910966,0.935527682,0.93772167,0.937323272,0.940254211,0.940074503,0.940568328,0.941793144,0.944162488,0.944100678,0.945676029,0.945490479,0.94708252,0.946918428,0.94723767
Netherlands,138,Gender Inequality Index,GE_GII,Value,0.129883498,0.124339946,0.117460161,0.111326627,0.104803301,0.098903917,0.096917383,0.095426261,0.092290431,0.095249228,0.09958408,0.09604159,0.095656417,0.082436711,0.073972873,0.064817406,0.061351981,0.054248806,0.053192984,0.053521376,0.056224432,0.057132766,0.060601886,0.060009006
New Zealand,196,Gender Development Index,GE_GDI,Value,0.945979953,0.948163509,0.954078496,0.952993453,0.959249616,0.957304358,0.963922143,0.969448268,0.971709132,0.972038746,0.978880763,0.976918459,0.980341256,0.981374919,0.978634298,0.975675523,0.980253756,0.977282584,0.982265413,0.983477831,0.988436699,0.988365531,0.989275932,0.98936218
New Zealand,196,Gender Inequality Index,GE_GII,Value,0.283590168,0.269857496,0.257326782,0.243489221,0.228981599,0.215082839,0.205559105,0.197830811,0.19421944,0.19052206,0.184240818,0.181638986,0.182472751,0.184822366,0.186586827,0.180039331,0.181058794,0.18011044,0.175511017,0.171882138,0.168615475,0.159432948,0.151549846,0.146859482
Nicaragua,278,Gender Development Index,GE_GDI,Value,0.875549138,0.868695319,0.866795957,0.867846429,0.874170482,0.879189014,0.892053246,0.902302802,,,,,0.918254673,0.925997794,0.933896303,0.939444125,0.945370257,0.947676599,0.948586524,0.952506483,0.955685616,0.958134413,0.960350633,0.96224916
El Salvador,253,Gender Inequality Index,GE_GII,Value,0.553533137,0.548131585,0.542737901,0.53414762,0.527199566,0.525444329,0.521501303,0.516043782,0.501647413,0.495308906,0.520653427,0.516980708,0.512889743,0.503924072,0.503272474,0.499749392,0.471135706,0.469137311,0.467469811,0.456990868,0.453721672,0.451387435,0.430483729,0.428356439
Estonia,939,Gender Development Index,GE_GDI,Value,,,1.008166671,1.01073122,1.022737026,1.024071455,1.013995767,1.015872002,1.020348549,1.017579794,1.019207239,1.028653622,1.033687592,1.029612899,1.037021995,1.031541467,1.033927321,1.032963753,1.033479095,1.036425352,1.033231139,1.030884743,1.032048464,1.032277346
Estonia,939,Gender Inequality Index,GE_GII,Value,,,,,,,,0.343161494,0.332456559,0.286419481,0.270357013,0.262928814,0.255733013,0.251924813,0.249803081,0.246515125,0.235046506,0.216886073,0.194385156,0.163246751,0.156960919,0.1607434,0.154275537,0.157073006
Ethiopia,644,Gender Development Index,GE_GDI,Value,,,,,,,,,,,,,,,,,,0.800748587,,,,0.802607954,0.805193305,0.807669044
Fiji,819,Gender Development Index,GE_GDI,Value,0.888791323,0.89438498,0.899888098,0.905282021,0.910553038,0.915706873,0.921197772,,,,,,,0.927732289,0.929904819,0.929693878,0.932471812,0.93234235,0.933463514,0.935046017,0.935514033,0.93373698,0.93292284,0.932959795
Fiji,819,Gender Inequality Index,GE_GII,Value,,,,,,,,0.514422059,0.511695147,0.452673644,0.465952277,0.486965477,0.484770834,0.485039324,0.461996853,0.462094605,0.457012534,0.452025712,0.446290731,0.440365672,0.434811026,0.429828316,0.424712092,0.419999391
Finland,172,Gender Development Index,GE_GDI,Value,0.991458714,0.994688034,0.999955833,0.997673929,0.999845147,1.002047181,1.006451726,1.001656771,1.002594471,1.002346635,1.001879454,1.00496304,1.005383849,1.004419804,1.002620339,1.003057718,1.004708529,1.006329417,1.004726052,1.005321026,1.003332853,1.003634334,1.000458241,1.002780199
Finland,172,Gender Inequality Index,GE_GII,Value,0.116588607,0.113037005,0.109561101,0.105658032,0.101740003,0.097790018,0.094633281,0.091418192,0.092549078,0.088114902,0.089773841,0.090788849,0.091151148,0.088351987,0.086317539,0.083951309,0.081710652,0.075908944,0.076315932,0.07698667,0.077556334,0.07534907,0.074880905,0.072086632
France,132,Gender Development Index,GE_GDI,Value,0.977813482,0.980791152,0.981651485,0.98356092,0.981866121,0.982142627,0.98243618,0.983071685,0.984622896,0.985152543,0.986750722,0.985215843,0.982408702,0.982325733,0.982242644,0.982212007,0.984106421,0.985501885,0.985407114,0.987802625,0.990184069,0.991913736,0.991349399,0.991444468
France,132,Gender Inequality Index,GE_GII,Value,0.240288541,0.227989554,0.216724709,0.207239598,0.19849138,0.190055534,0.182772845,0.176031977,0.175129354,0.174137145,0.173496321,0.175443977,0.170218036,0.167409033,0.16720812,0.166163549,0.163946912,0.13609463,0.133084312,0.126842573,0.122541741,0.115005963,0.086238883,0.08424405
Gabon,646,Gender Development Index,GE_GDI,Value,0.98928839,0.987445056,0.985964894,0.984175563,0.983340561,0.982314527,0.981876612,0.981450021,0.98089838,0.977769434,0.97616744,0.976580501,0.976799548,0.977087855,0.977369785,0.978437781,0.979471266,0.981118143,0.982406318,0.983915329,,,,
Gabon,646,Gender Inequality Index,GE_GII,Value,0.575565159,0.577804446,0.578934968,0.580594718,0.581724167,0.583058298,0.585200608,0.587774813,0.586302817,0.584845304,0.578706443,0.575600147,0.572419584,0.56963414,0.566699326,0.563805044,0.547019184,0.530733645,0.527468681,0.529997468,0.5264498,0.524892569,0.516614795,0.512215674
"Gambia, The",648,Gender Development Index,GE_GDI,Value,,,,,,0.792803764,0.791911721,0.791075528,0.790417254,0.789742112,0.788816452,0.790519595,0.791587591,0.793079257,0.794898689,0.795492828,,,0.886539221,0.887685001,0.885497153,0.884724975,0.885329843,0.886136293
Zimbabwe,698,Gender Development Index,GE_GDI,Value,0.878130138,0.880272865,0.882704377,0.881127357,0.879482865,0.87597692,0.87165308,0.865639031,0.857602596,0.852472007,0.84822619,0.849888504,0.848818541,0.848362863,0.8495754,0.849968314,0.854932547,0.862342238,0.868700922,0.880101144,0.8916412,0.899987936,0.911005974,0.915686667
Zimbabwe,698,Gender Inequality Index,GE_GII,Value,0.62900275,0.625098586,0.6217134,0.618424594,0.615430355,0.61274308,0.612717509,0.612720966,0.612322569,0.613963902,0.6292153,0.620906591,0.615923941,0.613973975,0.612172842,0.589034796,0.583045065,0.58105284,0.578621209,0.574173272,0.568874002,0.561734915,0.553989589,0.507522404
Denmark,128,Gender Development Index,GE_GDI,Value,0.959384739,0.960071802,0.961393893,0.960145772,0.960531771,0.960045815,0.965342879,0.965052605,0.973559201,0.974859893,0.976315677,0.977703393,0.977179825,0.978313744,0.981702745,0.98110944,0.982243896,0.983157516,0.984387577,0.98843497,0.986708641,0.983252168,0.982608438,0.983101726
Denmark,128,Gender Inequality Index,GE_GII,Value,0.100538135,0.100513026,0.106251076,0.11074996,0.116990633,0.121994555,0.112776995,0.103399813,0.08539167,0.075641818,0.070140027,0.067504808,0.065411523,0.063989349,0.062219791,0.062057376,0.06036485,0.057727911,0.056291126,0.054601587,0.053112581,0.050298717,0.048653223,0.046684042
Dominican Republic,243,Gender Development Index,GE_GDI,Value,,,,,,,,,,,,,,,,,,,,,,,0.988634646,0.989772439
Dominican Republic,243,Gender Inequality Index,GE_GII,Value,0.603828073,0.596038401,0.58767873,0.578685999,0.57017535,0.56106025,0.552631497,0.543835878,0.521763504,0.51447165,0.506826162,0.507613659,0.504385352,0.50522548,0.505754471,0.505899608,0.499705315,0.49999088,0.499394655,0.499000877,0.495309949,0.488452941,0.481037408,0.473099023
Ecuador,248,Gender Development Index,GE_GDI,Value,0.892674327,0.898190916,0.903306425,0.908427954,0.912989199,0.917442381,0.922522187,0.928922355,0.926735282,,,,,,,,,,,,,,0.976965189,0.978436589
Ecuador,248,Gender Inequality Index,GE_GII,Value,0.605089486,0.601555645,0.597370803,0.593466341,0.590245545,0.586580873,0.585219681,0.58424592,0.500871241,0.496970296,0.503726482,0.49386999,0.489619464,0.484652787,0.476881325,0.476195574,0.449762702,0.450018227,0.449044377,0.431602865,0.427937239,0.425461709,0.423005521,0.410837382
Egypt,469,Gender Development Index,GE_GDI,Value,0.786040723,0.779830217,0.784835458,0.781637907,0.785013497,0.783197641,0.782797992,0.787062466,0.785869002,0.781992137,0.78101927,0.82318151,0.817389846,0.823137164,0.828918934,0.822291791,0.830185473,0.837628841,0.840447247,0.848331392,0.850207925,0.850265682,0.853563309,0.853821635
Egypt,469,Gender Inequality Index,GE_GII,Value,0.644035637,0.654404223,0.650559366,0.652883708,0.649902284,0.652093291,0.653670549,0.656240165,0.654106617,0.649226606,0.642497063,0.626708567,0.62865299,0.623886108,0.609454691,0.62288624,0.61548835,0.608807206,0.603765905,0.598348677,0.48202458,0.583486438,0.579599559,
El Salvador,253,Gender Development Index,GE_GDI,Value,0.927679062,0.925002038,0.924166679,0.927698731,0.93013972,,,,0.938359082,0.942968905,0.941987514,0.939529419,0.934541762,0.941264093,0.944304228,0.941670895,0.954332292,0.956907392,0.956297755,0.955047429,0.960651577,0.957868576,0.957883835,0.959930658
Cuba,928,Gender Inequality Index,GE_GII,Value,0.425896883,0.42340076,0.420899451,0.421812236,0.422782093,0.424197704,0.427113086,0.430507451,0.415142447,0.410796523,0.406291723,0.401155055,0.395673126,0.378258675,0.376256138,0.373638511,0.372917205,0.37121883,0.362726361,0.363817036,0.365145028,0.361612767,0.360676467,0.355596334
"China, P.R.: Hong Kong",532,Gender Development Index,GE_GDI,Value,0.928858697,0.931164503,0.934394836,0.934437335,0.938661337,,,,,,,,,,,,,,0.97030431,0.973360419,0.970309913,0.975580812,0.971920311,0.973760486
"China, P.R.: Macao",546,Gender Development Index,GE_GDI,Value,,,,,,,,,,,,,0.951318443,0.951411247,0.954976499,0.956466377,0.959412634,0.963833392,0.965898752,0.96932137,,,,
"Gambia, The",648,Gender Inequality Index,GE_GII,Value,0.691157401,0.691871226,0.693407774,0.696277022,0.699997604,0.705063879,0.71331197,0.724895716,0.72299087,0.721157134,0.719275236,0.71576637,0.667874813,0.626557469,0.623643041,0.620616376,0.617613196,0.630885124,0.629057467,0.637727797,0.636009932,0.635243833,0.634446442,0.63235867
Georgia,915,Gender Development Index,GE_GDI,Value,,,,,,,,,,,,,0.921786726,0.925920784,0.929389834,0.921265721,0.929709435,0.933719754,0.935752749,0.940704167,0.939653099,0.940945923,0.94282192,0.948812366
Germany,134,Gender Development Index,GE_GDI,Value,,,0.940927505,0.939269245,0.939846933,0.940615296,0.941494167,0.943292737,0.941922367,0.941917419,0.94231391,0.945572197,0.949563324,0.953097343,0.9568367,0.959301412,0.960631847,0.960366607,,,,,,0.963047028
Germany,134,Gender Inequality Index,GE_GII,Value,,,,,,,,0.143434688,0.142497763,0.130152196,0.129017919,0.124868214,0.11922694,0.11383573,0.10826008,0.105765417,0.102096088,0.098348476,0.08946009,0.079488292,0.069632486,0.058111601,0.045766849,0.037292529
Ghana,652,Gender Development Index,GE_GDI,Value,0.816934466,0.819472015,0.82181567,,,,,,,0.851379752,0.857789278,0.860771,0.863403618,0.86936605,0.867469013,0.873838127,0.879406035,0.883907437,0.885210574,0.888743103,0.890237093,0.892887056,0.890822649,0.896213591
Ghana,652,Gender Inequality Index,GE_GII,Value,,,,,,,,0.622862816,0.618927896,0.614921749,0.610837877,0.606924176,0.602951229,0.598999143,0.585405886,0.581026971,0.577311754,0.573611796,0.585858643,0.579536855,0.575573206,0.57239145,0.561486244,0.551817179
Greece,174,Gender Development Index,GE_GDI,Value,0.915460587,0.91528064,0.921082318,0.922337234,0.917958736,0.929776192,0.932648718,0.933883965,0.939935684,0.944317997,0.94498837,0.948345661,0.947026432,0.948061407,0.952344716,0.951313019,0.953703463,0.951976478,0.953560054,0.95751214,0.958849907,0.961138666,0.960000694,0.960400879
Greece,174,Gender Inequality Index,GE_GII,Value,0.302423835,0.299035311,0.286279291,0.280523837,0.274600595,0.267581761,0.258713514,0.251925975,0.246071309,0.241802126,0.216389894,0.216464698,0.214611828,0.215706244,0.181197926,0.18804647,0.187740684,0.179235399,0.178262323,0.16414164,0.161858022,0.155912489,0.147178024,0.143651322
Guatemala,258,Gender Development Index,GE_GDI,Value,,,,,,,,,,,,,0.884755552,0.885469735,0.886221111,0.88846606,0.89567399,0.911407769,0.913428485,0.918208122,0.921900451,0.921416163,0.935431242,0.939647496
Guatemala,258,Gender Inequality Index,GE_GII,Value,0.636347353,0.629236162,0.622241139,0.615374207,0.608552098,0.601540148,0.594805002,0.587687612,0.583361328,0.606268704,0.59145236,0.590168536,0.588993609,0.591094553,0.589730322,0.585875928,0.578194499,0.55367291,0.549259841,0.545298457,0.541440368,0.534767866,0.533159912,0.531678319
Guinea,656,Gender Development Index,GE_GDI,Value,,,,,,,,,,,,,,,,,,,,,0.771080136,0.782741666,0.783888996,0.784253895
Guyana,336,Gender Development Index,GE_GDI,Value,0.862928152,0.875304639,0.886363149,0.89636445,0.90218246,0.907360315,0.916106284,,,,,,,,,0.959601641,0.953574717,0.962273836,0.956306994,0.963570535,0.97346431,0.979280353,0.983998656,0.987627804
Austria,122,Gender Development Index,GE_GDI,Value,0.908661425,0.911361933,0.913732529,0.916000605,0.919271767,0.921256721,0.921966076,0.924419999,0.925854743,0.925977767,0.927049637,0.931021929,0.931080341,0.931074679,0.934238374,0.935540736,0.938515961,0.937205136,0.938411891,0.941841841,0.944760144,0.94492799,0.944212735,0.943187594
Austria,122,Gender Inequality Index,GE_GII,Value,0.254929751,0.240367085,0.22603935,0.211108655,0.194463298,0.182241619,0.17028071,0.158378184,0.15602468,0.152930066,0.149946645,0.146902055,0.135427728,0.125101432,0.121218093,0.117913783,0.117548361,0.113835461,0.115226813,0.103010602,0.092103161,0.079758324,0.065022863,0.046641711
"Azerbaijan, Republic of",912,Gender Development Index,GE_GDI,Value,,,,,,,,,,0.903465569,,,,,,,,0.927767932,0.940457046,0.951613605,0.946848035,0.94713676,0.949550092,0.95095247
"Bahamas, The",313,Gender Development Index,GE_GDI,Value,,,,,,,,,,,1.00270462,,,,,,,,,,,,,
"Bahrain, Kingdom of",419,Gender Development Index,GE_GDI,Value,0.877667546,0.884905398,0.891215086,0.894058049,0.896376491,0.896326661,0.897846222,0.900516152,0.903832614,0.909257293,0.911956191,0.917220891,0.923073351,0.933715582,0.934729576,0.936947167,0.934891343,0.937638164,0.934801579,0.93853581,0.939121485,0.934429586,0.936883628,0.937942505
"Bahrain, Kingdom of",419,Gender Inequality Index,GE_GII,Value,,,,,,,,,,,,,,0.612088442,0.603408813,0.594581604,0.386610329,0.388182133,0.390385032,0.392490387,0.39403972,0.296516716,0.293355107,0.290531576
Bangladesh,513,Gender Development Index,GE_GDI,Value,0.771437466,0.779627204,0.783011556,0.786222398,0.789219797,0.792299151,0.79531908,0.798403323,0.80000174,0.800088048,0.799664855,,,,,0.872231841,0.877772808,0.882602692,0.888585925,0.890183151,0.893368185,0.901305318,0.90245223,0.903412282
Bangladesh,513,Gender Inequality Index,GE_GII,Value,0.669048429,0.663929641,0.65981555,0.655436337,0.651039958,0.646635115,0.642277837,0.637746453,0.632458508,0.626941204,0.621224344,0.638311625,0.678421259,0.673200548,0.667829812,0.566048443,0.557869136,0.568105698,0.588932693,0.527688324,0.521230638,0.513243794,0.508119822,0.503249288
Barbados,316,Gender Development Index,GE_GDI,Value,0.946114004,0.948867977,0.950308204,0.952321231,0.954298079,0.955992639,0.960749447,0.959560275,0.9601807,0.992778182,1.001813889,1.002478361,1.003246665,1.006954312,1.009492517,1.011161089,1.012487173,1.020054579,1.019156456,1.026296258,1.022244334,1.022578716,1.022906899,1.023452282
Barbados,316,Gender Inequality Index,GE_GII,Value,0.53069675,0.508144736,0.487303823,0.461423337,0.43233338,0.39681381,0.387350947,0.383475512,0.384607315,0.386206239,0.387354314,0.382483125,0.378459036,0.359186411,0.354088217,0.348510474,0.367814898,0.382982969,0.412252903,0.422810793,0.431667179,0.42178154,0.410326898,0.365811408
Belarus,913,Gender Development Index,GE_GDI,Value,,,,,,,,,,,,,,,,,,,,1.020583749,1.024017334,1.024475932,1.015890241,1.012127876
Belgium,124,Gender Development Index,GE_GDI,Value,0.945938587,0.949461758,0.952386737,0.958557844,0.959912539,0.963114023,0.965102196,0.965661526,0.966474891,0.974674284,0.977860212,0.979162931,0.979328334,0.976838768,0.970029533,0.970928371,0.972799599,0.972454369,0.975101054,0.974921882,0.975293159,0.976957142,0.978747487,0.992306471
Belgium,124,Gender Inequality Index,GE_GII,Value,0.217212588,0.208651528,0.200879008,0.193189412,0.187742859,0.182143345,0.177123785,0.171157032,0.170404449,0.129499584,0.129519314,0.132424295,0.131369933,0.10549973,0.104662962,0.103139624,0.101736449,0.099452704,0.094275929,0.08544302,0.078479446,0.074675016,0.068947911,0.06568931
Belize,339,Gender Development Index,GE_GDI,Value,,,,,,,,,,,,0.940605521,0.94324708,0.949297845,0.948272049,0.951611578,0.954845488,0.956433892,0.955410242,0.958794713,0.9612872,0.96376729,0.966783762,0.966763437
Belize,339,Gender Inequality Index,GE_GII,Value,0.754781425,0.684049308,0.643919408,0.614268005,0.588401079,0.564263403,0.575471044,0.578562379,0.586730599,0.556385458,0.561065495,0.553122222,0.544859469,0.575455606,0.529471517,0.520522654,0.514168561,0.546830475,0.715110421,0.711414456,0.707377493,0.702678204,0.518855989,0.510858178
Benin,638,Gender Development Index,GE_GDI,Value,0.684366524,0.68512392,0.684754014,0.68788296,0.68991071,0.693010688,0.696691334,0.700644255,,0.748777688,0.755990446,0.763244212,0.7696926,0.772326231,0.778176308,0.788119614,0.78827256,0.788662791,0.789426208,0.790419221,0.791263282,0.816953719,0.817990184,0.8190642
Benin,638,Gender Inequality Index,GE_GII,Value,0.732323706,0.722548723,0.713669658,0.704215705,0.695214987,0.686763704,0.679276884,0.672148883,0.668661177,0.673306167,0.669890761,0.666309953,0.662689924,0.659763634,0.648512483,0.645446301,0.642885089,0.620693564,0.617446899,0.614037693,0.610446632,0.619612098,0.616157055,0.612919629
Bhutan,514,Gender Development Index,GE_GDI,Value,,,,,,,,,,,,,,,,0.91897136,,,,,,,,
Bolivia,218,Gender Development Index,GE_GDI,Value,,,,,,,,,,,,,,,,,,0.919082642,0.919294178,0.923083544,0.925115347,0.926836967,0.933429897,0.935069501
Bolivia,218,Gender Inequality Index,GE_GII,Value,0.62900722,0.624394357,0.619617343,0.614622235,0.609555662,0.604294002,0.598183095,0.591993809,0.587973177,0.583729565,0.580337763,0.57677573,0.548934758,0.544559538,0.538087845,0.539964974,0.536374152,0.532206953,0.528517962,0.509660721,0.498457491,0.49412486,0.489609003,0.485168546
Botswana,616,Gender Development Index,GE_GDI,Value,0.971680522,0.978962541,0.981361032,0.978403807,0.975260377,0.976036429,0.973404825,0.970349908,0.966170669,0.958475351,0.952152669,0.945997536,0.93964678,0.933408916,0.927116334,0.921590924,0.916577935,0.917865157,0.908187091,0.906866908,0.902995646,0.900127709,0.899046659,0.898538351
Botswana,616,Gender Inequality Index,GE_GII,Value,0.617917359,0.607821405,0.597571909,0.591142178,0.584825873,0.578795493,0.573919892,0.569203615,0.567558527,0.545986533,0.529975474,0.525877059,0.521682382,0.517944276,0.535687923,0.531873941,0.52482301,0.517158508,0.509184182,0.518610179,0.509081066,0.502505898,0.49557209,0.488528699
Brazil,223,Gender Inequality Index,GE_GII,Value,0.5611552,0.551098108,0.541570544,0.538092613,0.533617556,0.529092431,0.527605951,0.523879826,0.520434201,0.523672938,0.520697117,0.508616507,0.509665549,0.487353444,0.482798964,0.477666914,0.473232239,0.46879831,0.466750622,0.465243459,0.463727504,0.462938756,0.46225518,0.461800307
Brunei Darussalam,516,Gender Development Index,GE_GDI,Value,0.934573531,0.938451946,0.943455637,0.948094964,0.949953139,0.953276813,0.955194652,0.9570961,0.960416019,0.960825264,0.961706161,0.958735585,0.959347248,0.961560726,0.963493705,0.962831557,0.963912725,0.963105857,0.9644925,0.964666307,0.965582073,0.963158906,0.965467513,0.966805279
Bulgaria,918,Gender Development Index,GE_GDI,Value,0.973715127,0.972625613,0.980206311,0.988910079,0.994796693,0.995722175,0.995993197,0.994157732,0.99481523,0.992393196,0.988574684,0.984970152,0.985893548,0.985805154,0.987451434,0.987867296,0.991344452,0.99160552,0.993009567,0.992881298,0.993236363,0.99173528,0.991366446,0.990439534
Bulgaria,918,Gender Inequality Index,GE_GII,Value,0.326005489,0.32641837,0.32700038,0.32676816,0.326924443,0.327446699,0.334791839,0.342487037,0.345741123,0.348667532,0.351443529,0.283278465,0.271344453,0.262551904,0.249521047,0.246384963,0.238650799,0.232789785,0.223382801,0.220829695,0.217276961,0.213806599,0.20499748,0.197460964
Burkina Faso,748,Gender Development Index,GE_GDI,Value,,,,,,,,,,,,,,,,,0.809391975,0.824191868,,,,,,
Burundi,618,Gender Development Index,GE_GDI,Value,0.821530879,0.829659045,0.824601769,0.824700177,0.825603366,0.82670784,0.82604897,0.825611115,0.826513708,0.826722562,0.827620685,0.829485714,0.832173765,0.83419764,0.842923403,0.851009965,0.871070027,0.875609338,0.880208135,0.884455085,0.903740108,0.909029424,0.912829995,0.919404566
Burundi,618,Gender Inequality Index,GE_GII,Value,,,,,,,,,0.604560494,0.634266138,0.587975562,0.583208799,0.565439939,0.562799573,0.56014204,0.529639304,0.525374472,0.521194398,0.51694417,0.511226296,0.505878031,0.505262673,0.5015921,0.497934848
Cambodia,522,Gender Development Index,GE_GDI,Value,,,,,,,,,,,0.85448283,0.854396164,0.860660017,0.859557807,0.880208135,0.875287414,0.877080321,0.872759342,0.880114079,0.883499026,0.89410013,0.892805159,0.892597735,0.892390311
Cambodia,522,Gender Inequality Index,GE_GII,Value,,,,,,,,0.645723999,0.640720487,0.616672814,0.613857269,0.608984828,0.603643656,0.583218336,0.576548755,0.567385852,0.560564876,0.513696134,0.516148806,0.492431104,0.4834539,0.481707454,0.477275282,0.472512871
Cameroon,622,Gender Development Index,GE_GDI,Value,,,,,,,,,,,,0.84989965,0.839260995,0.851357102,0.851117969,0.849386573,0.852953196,0.858990431,0.86338836,0.869500041,0.872864842,0.875160098,0.876485705,0.877781987
Cameroon,622,Gender Inequality Index,GE_GII,Value,0.673842013,0.67515415,0.676986158,0.679303646,0.682353377,0.686129749,0.690064251,0.696249306,0.694473207,0.6926772,0.690900028,0.689107716,0.668007493,0.665532529,0.662998259,0.660350144,0.657572627,0.634836614,0.632220685,0.629583895,0.626893401,0.62404269,0.621185243,0.579088449
Canada,156,Gender Development Index,GE_GDI,Value,0.974381626,0.974757195,0.969915628,0.971592069,0.970990241,0.972599864,0.972847342,0.973890662,0.973561287,0.976400852,0.975451469,0.976114869,0.976624191,0.978715718,0.979018331,0.97916311,0.979795754,0.98097837,0.980820239,0.981996775,0.982198834,0.983005345,0.983117998,0.983295321
Canada,156,Gender Inequality Index,GE_GII,Value,0.213974074,0.209205553,0.205279127,0.197922155,0.191040769,0.183683097,0.176632702,0.169583932,0.165187091,0.160937235,0.156323701,0.15152885,0.146539778,0.144707352,0.143155605,0.147019669,0.14847666,0.147649303,0.148470119,0.150826246,0.153528973,0.143746912,0.140906438,0.133069649
Central African Republic,626,Gender Development Index,GE_GDI,Value,0.738776982,0.740710318,0.74039495,0.739269674,0.737549961,0.735513091,0.735445142,0.73436296,0.733396828,0.732678652,0.732350171,0.730763137,0.732313454,,,,,,,0.777849257,0.780765235,0.782485247,0.788089931,0.777906597
Central African Republic,626,Gender Inequality Index,GE_GII,Value,0.744363189,0.742687881,0.740829051,0.739576459,0.738554001,0.737771034,0.736603975,0.735923111,0.734607279,0.704542518,0.70312202,0.701672077,0.700165749,0.692443788,0.685578823,0.679195762,0.677158058,0.675150216,0.673684478,0.675572693,0.672742546,0.658729672,0.656443357,
Chad,628,Gender Development Index,GE_GDI,Value,,,,,,,,,,,,,,,0.721758604,0.724851847,0.723575294,0.724726915,0.738550425,0.740497231,0.749482632,0.760982573,0.762801647,0.763668299
Chile,228,Gender Development Index,GE_GDI,Value,0.908438623,0.90933001,0.915813446,0.921446919,0.92252785,0.923182964,0.92544657,0.92843312,0.9276371,0.928046823,0.929641962,0.928915024,0.930320978,0.935272872,0.938803613,0.941692591,0.944280982,0.945439935,0.947842121,0.951786995,0.959563375,0.961743891,0.963955402,0.963256836
Chile,228,Gender Inequality Index,GE_GII,Value,,,,,,,,0.464325845,0.43651551,0.429988712,0.422694832,0.421053767,0.408967227,0.402130812,0.395713627,0.379579902,0.376874894,0.372840703,0.367027909,0.366703957,0.357846171,0.35218057,0.348264694,0.345289171
"China, P.R.: Mainland",924,Gender Development Index,GE_GDI,Value,0.904488504,,,,0.914904058,0.91329813,0.911684632,0.909886479,0.906423151,0.901770949,0.899677157,0.895653069,0.89771086,0.914846003,0.918330491,0.918623745,0.927318573,0.930975437,0.934723973,0.939197361,0.93960923,0.939828455,0.940933168,0.943046629
"China, P.R.: Mainland",924,Gender Inequality Index,GE_GII,Value,0.321576744,0.291174531,0.246709853,0.243589833,0.240305349,0.236755565,0.234713584,0.232680514,0.233341649,0.233835727,0.234068304,0.233652636,0.233097747,0.235919505,0.233642325,0.230754837,0.227692887,0.223386452,0.216378719,0.21110566,0.205697224,0.203185439,0.200766474,0.191980362
Colombia,233,Gender Development Index,GE_GDI,Value,0.928556383,0.938851178,0.940176904,0.940561771,0.946842849,0.948675334,0.947898924,0.950835347,0.956107914,0.967161596,0.974326551,0.979203343,0.983615458,0.977639377,0.97539866,0.976578534,0.977568746,0.982041121,0.977189004,0.983403742,0.982038677,0.983228385,0.984286368,0.985279858
Colombia,233,Gender Inequality Index,GE_GII,Value,0.582531452,0.57138449,0.562285125,0.55313623,0.538811028,0.525164843,0.522515059,0.520124733,0.522106469,0.523835838,0.525760174,0.519744098,0.513238549,0.503762841,0.498610884,0.491410613,0.505273461,0.499893457,0.496601164,0.490002453,0.462249905,0.46299392,0.461010188,0.459276557
"Congo, Democratic Republic of",636,Gender Development Index,GE_GDI,Value,,,,,,,,,,,,,,,,,,0.783691704,0.791940212,0.795805514,0.797829509,0.804154098,0.812651098,0.819997966
"Congo, Democratic Republic of",636,Gender Inequality Index,GE_GII,Value,0.72123009,0.714463413,0.708513916,0.702829182,0.698035061,,0.691234469,0.688477159,0.686077595,,0.681178927,,,,0.669917285,0.667898655,0.681903303,0.680473983,0.679108083,0.677645445,0.676204681,0.673569798,0.670956373,0.668858171
"Congo, Republic of",634,Gender Development Index,GE_GDI,Value,0.863170624,0.863039374,0.864963591,0.866443276,0.868368924,0.8678146,0.870591044,0.875124395,0.879185498,0.881907821,0.887422204,0.885711253,0.885660529,0.884792864,0.88463527,0.88840425,0.889342427,0.889199555,0.890519083,0.891594112,0.891981721,0.890362799,0.918046594,0.918714046
"Congo, Republic of",634,Gender Inequality Index,GE_GII,Value,0.636764646,0.634448409,0.632432401,0.630985737,0.629624486,0.628647208,0.627055764,0.625352502,0.624039471,0.6215325,0.619384706,0.617924869,0.623439729,0.629396796,0.626954257,0.624590278,0.622287571,0.626832604,0.624723911,0.622615635,0.620431542,0.61847192,0.615831435,0.613282323
Costa Rica,238,Gender Development Index,GE_GDI,Value,,,,,,,,,,,,,,,0.938814104,0.942170739,0.946662903,0.945272386,0.947189331,0.955081761,0.956395984,0.963222504,0.964450836,0.966069877
Costa Rica,238,Gender Inequality Index,GE_GII,Value,0.487724781,0.482024521,0.480430752,0.476526678,0.4719055,0.468450785,0.466981649,0.455847234,0.437771857,0.435497224,0.436533242,0.423866719,0.388777852,0.387695879,0.389080822,0.38034448,0.36762166,0.361593992,0.354292899,0.345298111,0.334115565,0.336447835,0.338659793,0.340737611
Qatar,453,Gender Development Index,GE_GDI,Value,0.958279252,0.959470153,0.962775052,0.96391207,0.955937982,0.949953198,0.948941767,0.947306991,0.959006369,0.967797577,0.968723297,0.974879563,0.959029436,0.949648678,0.941560745,0.947931528,0.952368081,0.955141246,0.957859218,0.960853398,0.96405375,0.966553688,0.967327416,0.967190623
Qatar,453,Gender Inequality Index,GE_GII,Value,,,,,,,,,,,,,,,,,0.553582311,0.545833766,0.54025048,0.534667075,0.527680695,0.522473752,0.516924322,0.514330924
Romania,968,Gender Development Index,GE_GDI,Value,0.934669912,0.938040197,0.939185798,0.94412446,0.951324999,0.957209587,0.962131917,0.962798715,0.963373005,0.965382278,0.966810763,0.97149241,0.973251283,0.974593341,0.977597296,0.978842258,0.981757581,0.983929694,0.988495052,0.991902709,0.989216208,0.984700143,0.986656427,0.987883389
Romania,968,Gender Inequality Index,GE_GII,Value,0.434052467,0.427766234,0.420603275,0.413968682,0.406470507,0.398104876,0.40769136,0.425106615,0.417897105,0.40932399,0.3874515,0.366185099,0.357109159,0.350287646,0.337154388,0.328803152,0.329012036,0.341418892,0.329842299,0.330012351,0.329865664,0.332413763,0.324660808,0.326773167
Russian Federation,922,Gender Development Index,GE_GDI,Value,,,,,,,,,,,,,,1.0341748,1.036240697,1.039728045,1.034966946,1.031333208,1.030147791,1.027478695,1.026528955,1.023534536,1.016930461,1.012834787
Russian Federation,922,Gender Inequality Index,GE_GII,Value,0.411991596,0.416123956,0.420459241,0.419260502,0.417912096,0.4156169,0.409726202,0.40304336,0.395828515,0.394681752,0.396078587,0.388031632,0.377016574,0.370796353,0.347948909,0.340676427,0.338683128,0.314577132,0.31095022,0.30589062,0.301766604,0.295386672,0.286915123,0.279409915
Rwanda,714,Gender Development Index,GE_GDI,Value,0.860529959,0.847561419,0.83128655,0.821463645,0.817260146,0.83670485,0.850118041,0.862206519,0.87078464,0.87798512,0.884426057,0.89620477,0.901947021,0.905970335,0.914362907,0.918143034,0.923371077,0.928197026,0.932931602,0.94365865,0.950523555,0.954714596,0.937985301,0.940084219
Rwanda,714,Gender Inequality Index,GE_GII,Value,0.595917642,0.59169513,0.587511301,0.585251808,0.583020091,0.580978751,0.579575896,0.577516377,0.57406646,0.570582271,0.547287047,0.538716733,0.529955626,0.489830017,0.481949806,0.473066777,0.467220515,0.46104604,0.444200158,0.434204221,0.423284978,0.415291399,0.406813443,0.392101109
Saudi Arabia,456,Gender Development Index,GE_GDI,Value,,,,,,,,,,,,,,,,0.864547908,0.870185733,0.871448219,0.871632695,0.87565726,0.877190053,0.880333841,0.882661462,0.890035689
Saudi Arabia,456,Gender Inequality Index,GE_GII,Value,,,,,,,,,,,,,,0.682056725,0.671684384,0.660613716,0.649748564,0.643346548,0.641753197,0.639934301,0.63550359,0.633342385,0.631415129,0.282536358
Senegal,722,Gender Development Index,GE_GDI,Value,0.757845342,0.758469105,0.773008645,0.773186207,0.773416758,0.774065256,0.774911404,0.77563113,0.776778877,0.777909935,0.779063225,0.781185687,0.782903731,,,,0.855977237,0.8552894,0.864369273,0.863588214,0.874490142,0.875947356,0.876441836,0.87705189
Senegal,722,Gender Inequality Index,GE_GII,Value,0.650847256,0.649343491,0.647536278,0.646297574,0.644998968,0.644013882,0.642568707,0.641144753,0.638508677,0.637525201,0.636190891,0.617816806,0.607821047,0.605390966,0.602800906,0.600137949,0.596142948,0.585286021,0.581968725,0.576840043,0.573508859,0.570693851,0.531057954,0.526623845
"Serbia, Republic of",942,Gender Development Index,GE_GDI,Value,,,,,,,,,,,,0.94500047,0.947815478,0.951907933,0.956525862,0.957696378,0.958961725,0.961575091,0.96069479,0.960647941,0.959493399,0.952885151,0.95392549,0.956465662
"Serbia, Republic of",942,Gender Inequality Index,GE_GII,Value,,,,,,,,,,,,,,,,,0.218785048,0.181557611,0.183360979,0.188042998,0.193451107,0.193544105,0.169198975,0.170536071
Papua New Guinea,853,Gender Inequality Index,GE_GII,Value,0.790928423,0.756383598,0.727175474,0.709516346,0.696237087,0.685378909,0.677408159,0.670854867,0.669830024,0.668420732,0.667229891,0.664748311,0.675243556,0.690846264,0.688302159,0.685710132,0.682900727,0.680033147,0.676936805,0.673763514,0.670634449,0.668567896,0.612960041,0.610579371
Paraguay,288,Gender Development Index,GE_GDI,Value,,,,0.911901474,0.914259374,0.916328311,0.921759188,0.920059204,0.916663766,0.919518888,0.921302021,0.921255887,0.922212064,0.922457933,0.928239763,0.922709942,0.92818296,0.932514071,0.935501516,0.94109726,0.941891551,0.944021344,0.945077538,0.947791517
Australia,193,Gender Inequality Index,GE_GII,Value,0.266064018,0.251852691,0.240082711,0.228845298,0.217742935,0.207608491,0.199126095,0.19122684,0.188862309,0.162970915,0.158202767,0.152314961,0.147115812,0.145487785,0.146545172,0.144938022,0.143488243,0.137786627,0.133673593,0.128163651,0.130014449,0.125805765,0.121481776,0.114906363
Sierra Leone,724,Gender Development Index,GE_GDI,Value,0.737451017,0.738304496,0.740353763,0.741816938,0.742165148,0.74467051,,,,,,0.791852832,0.789411366,0.788401783,0.787473679,0.786726415,0.787199497,0.787805438,0.788853824,0.789908111,0.791172922,0.792082548,0.793891609,0.795590281
Sierra Leone,724,Gender Inequality Index,GE_GII,Value,,,,,,,,,,0.680930316,0.680297673,0.680667818,0.66939199,0.658958554,0.658139229,0.657206416,0.655334115,0.657941997,0.65541327,0.652986467,0.650577724,0.649999201,0.6500386,0.64852339
Singapore,576,Gender Inequality Index,GE_GII,Value,0.236105829,0.238182023,0.236881733,0.236243352,0.235009179,0.232383847,0.232337356,0.244155928,0.254211247,0.270190299,0.276208758,0.198216289,0.193183199,0.160779998,0.149131045,0.136319712,0.110850848,0.096963383,0.09400592,0.096325584,0.093680099,0.095871858,0.090078123,0.089140452
Slovak Republic,936,Gender Development Index,GE_GDI,Value,,,,0.960723937,0.957951188,0.959394574,0.959629953,0.959161699,0.960657179,0.961133659,0.961967885,0.964887679,0.96707648,0.970439374,0.97244364,0.977326393,0.98258245,0.986208081,0.992812634,0.990057468,0.989545822,0.991139233,0.991222143,0.991558492
Slovak Republic,936,Gender Inequality Index,GE_GII,Value,,,,,,,,0.234402612,0.234531701,0.243203253,0.234458968,0.220068797,0.193592325,0.184165448,0.191899613,0.191811085,0.180231288,0.18175365,0.177598476,0.178777993,0.183949694,0.178238198,0.163791567,0.161846727
Slovenia,961,Gender Development Index,GE_GDI,Value,,,,0.992058754,0.991915047,0.992101967,0.994211614,0.997169673,0.997802734,0.998863637,1.001158834,1.001072049,1.004353881,1.001139641,1.004765868,1.004812717,1.008698702,1.009079695,1.009452462,1.011078477,1.010483384,1.012753129,1.007365823,1.004347324
Slovenia,961,Gender Inequality Index,GE_GII,Value,,,,,,,,0.173233077,0.171204194,0.168664113,0.147680923,0.133410305,0.130649552,0.133348837,0.135064855,0.136873081,0.130390748,0.124827184,0.102016166,0.082902811,0.071303405,0.017469097,0.011689984,0.011528088
South Africa,199,Gender Development Index,GE_GDI,Value,0.955208302,0.959993005,0.963120341,0.965607703,0.964894414,0.96588546,0.963302553,0.960083246,0.956324577,0.951958597,0.946331918,0.944101334,0.941388309,0.939006627,0.936392844,0.934611022,0.934730887,0.936185181,0.939491749,0.94238013,0.945789456,0.948711991,0.950328231,0.951701283
South Africa,199,Gender Inequality Index,GE_GII,Value,0.610774934,0.568875313,0.542531371,0.522239685,0.505490601,0.490900934,0.480645806,0.471306801,0.461210221,0.456829876,0.45550999,0.453143954,0.452645928,0.452376753,0.447331786,0.444319248,0.438576788,0.434482068,0.431939662,0.411683023,0.407576501,0.406858981,0.404724628,0.402693331
Spain,184,Gender Development Index,GE_GDI,Value,0.930511415,0.936168969,0.941726148,0.945109606,0.948179245,0.953734517,0.957396328,0.955292761,0.957760572,0.959126115,0.962655544,0.960173488,0.963460982,0.964399338,0.966961682,0.966688991,0.970192254,0.973136663,0.977481663,0.979906619,0.979984462,0.977502108,0.977948189,0.979418635
Spain,184,Gender Inequality Index,GE_GII,Value,0.210835382,0.194626868,0.177092761,0.165816322,0.154248044,0.144563809,0.136120752,0.127790615,0.13004297,0.139928654,0.123412214,0.128299832,0.129009977,0.13015148,0.117138796,0.118932411,0.118917108,0.118697792,0.114611998,0.109014265,0.104939744,0.102158315,0.098888658,0.09536206
Sri Lanka,524,Gender Development Index,GE_GDI,Value,0.923036635,0.92476356,0.926689863,0.927592516,0.930310607,0.934149742,0.93313086,0.933579504,0.939985752,0.933891475,0.938079953,0.937072098,0.937740505,0.935735047,0.935035586,,,,,,0.937730491,0.938239515,0.943189383,0.944682181
Sri Lanka,524,Gender Inequality Index,GE_GII,Value,0.461960375,0.464203596,0.465873867,0.46998325,0.47308743,0.473900467,0.471732438,0.468826413,0.451428056,0.460794419,0.458117723,0.457373023,0.456814855,0.451561213,0.43754071,0.43235907,0.413968265,0.401912242,0.395846039,0.388245225,0.392146111,0.379475445,0.372317702,0.36888364
Sudan,732,Gender Development Index,GE_GDI,Value,,,,,,,,,,,,0.766139209,0.779623389,0.784148574,0.790772498,0.79392308,0.798041582,0.797375321,0.799762905,0.810805559,0.814564109,0.818454862,0.821772456,0.823490679
Sudan,732,Gender Inequality Index,GE_GII,Value,,,,,,,,0.711786985,0.709446192,0.697424233,0.687121451,0.678666115,0.676841974,0.673224032,0.669541776,0.647665858,0.635552883,0.630832136,0.626024902,0.618644774,0.598748922,0.595859408,0.591031551,0.58659023
Suriname,366,Gender Development Index,GE_GDI,Value,,,,,,,,,,,,,,,0.966394901,0.966998756,0.968379438,0.970936418,0.970406413,0.972623646,0.9732849,0.974285662,0.97505945,0.975946724
Swaziland,734,Gender Development Index,GE_GDI,Value,,,,,,,,,,0.89877826,0.891830444,0.88507849,0.87899673,0.873260498,0.868750393,0.868296802,0.865996122,0.865839958,0.865385473,0.864619672,0.863452673,0.856404901,0.85486424,0.853847086
Swaziland,734,Gender Inequality Index,GE_GII,Value,0.668174565,0.667665064,0.667092979,0.666663229,0.666093349,0.665380776,0.667050481,0.668519735,0.66971606,0.671155453,0.672489822,0.672345877,0.672198474,0.61689806,0.616108179,0.615451336,0.610001743,0.604292512,0.586517036,0.580595493,0.5734846,0.568683386,0.563672066,0.597815871
Sweden,144,Gender Development Index,GE_GDI,Value,0.990051329,0.991150916,0.990772784,0.997746944,0.998071074,1.00120461,1.001083255,1.006143212,1.013237119,1.014023542,1.014122367,1.01779604,1.015939474,1.017270923,1.006250381,1.005244255,1.00338459,1.00235939,1.001332402,1.001090288,0.999272227,0.997928619,0.997691333,1.007683992
Sweden,144,Gender Inequality Index,GE_GII,Value,0.09290646,0.092267275,0.091381565,0.086531639,0.081655882,0.075833455,0.069758624,0.063845359,0.06313657,0.059390865,0.058284502,0.056099426,0.052711394,0.051798563,0.050685681,0.050230507,0.048495676,0.047974169,0.048983544,0.050319444,0.053025473,0.053574234,0.05402673,0.05179153
Switzerland,146,Gender Development Index,GE_GDI,Value,0.936933458,0.939257979,0.939544797,0.935334802,0.935932398,0.935714126,0.936716855,0.935460985,0.942447186,0.941284418,0.943125069,0.946670055,0.947319806,0.948485672,0.949612379,0.952602208,0.953836262,0.954905987,0.957863152,0.960637689,0.960531533,0.961194932,0.960839868,0.960853398
Switzerland,146,Gender Inequality Index,GE_GII,Value,0.14171803,0.136552721,0.131636247,0.126500115,0.121688455,0.11663238,0.109985054,0.104816929,0.102739841,0.096929319,0.095247172,0.09192346,0.089474767,0.081784263,0.079183877,0.075887375,0.072994731,0.06329938,0.055549301,0.047830924,0.041679185,0.035797637,0.027590537,0.024820227
Syrian Arab Republic,463,Gender Development Index,GE_GDI,Value,0.711011052,0.724317193,0.738857508,0.753762066,0.765826404,0.778017879,0.784252584,0.790391982,0.796402335,0.802259743,0.806597948,0.80750078,0.82030654,0.8265481,0.824049532,0.823256433,0.822708368,0.827486277,0.830748379,0.827445984,0.828219533,0.839354217,0.844171047,0.838592291
Syrian Arab Republic,463,Gender Inequality Index,GE_GII,Value,0.624853373,0.613969028,0.602400541,0.591936409,0.581356764,0.570706904,0.566714823,0.562271357,0.55681318,0.546924353,0.542596996,0.541924417,0.539997756,0.528921247,0.533115327,0.535991013,0.540403306,0.536485136,0.533056974,0.541991532,0.538358092,0.536415815,0.535954952,0.533678532
Tajikistan,923,Gender Development Index,GE_GDI,Value,,,,,,,,,,0.892222404,0.89678216,0.897409022,0.90068233,0.905377328,0.910140276,0.908414543,0.910635531,0.917102396,0.92007339,0.927960515,0.927567482,0.93130064,0.934916675,0.936751485
Tajikistan,923,Gender Inequality Index,GE_GII,Value,,,,,,,,0.536937594,0.53024435,0.523366153,0.417435169,0.418837428,0.410082728,0.405417323,0.400278836,0.37525785,0.373004466,0.370703757,0.366225451,0.361717045,0.352104217,0.349290818,0.34640494,0.341659933
Tanzania,738,Gender Development Index,GE_GDI,Value,0.850099564,0.853811443,0.853095472,0.854536653,0.855813205,0.85651505,0.859635055,0.862729371,0.86555928,0.868725359,0.86824733,0.872427821,0.873959899,0.875942469,0.878461182,0.877961218,0.883139431,0.887720108,,,0.910408258,0.912617803,0.915825903,0.91937083
Tanzania,738,Gender Inequality Index,GE_GII,Value,,,,,,,,0.63963896,0.636569262,0.636645973,0.625936151,0.616009831,0.612433732,0.610784531,0.606966197,0.585420072,0.581679046,0.578111053,0.57385546,0.568805814,0.55960077,0.552499294,0.549373627,0.546146274
Thailand,578,Gender Development Index,GE_GDI,Value,,,,0.959386885,0.959801018,0.964187741,0.967976928,0.970239222,0.969421983,0.9696697,0.970860124,0.974952519,0.974801838,0.975099146,0.983598292,0.982072234,0.985161722,0.992887795,0.993721187,0.994718909,0.997599304,0.997469664,0.998611331,1.001442552
Thailand,578,Gender Inequality Index,GE_GII,Value,0.491751343,0.481859803,0.473153085,0.465086758,0.457857251,0.446961939,0.439049274,0.432328373,0.432570726,0.432246536,0.440667599,0.39369002,0.388237923,0.383796275,0.383240163,0.366270125,0.376331717,0.352714539,0.349393129,0.338838339,0.335207522,0.32248354,0.320659429,0.316854894
Togo,742,Gender Development Index,GE_GDI,Value,0.719295442,0.72230643,0.724648952,0.722114801,0.723320782,0.731884003,0.739148617,0.74285233,0.744725406,0.747060418,0.770244241,0.775632501,0.777208626,0.786557674,0.791787505,0.795410156,0.800297499,0.797947884,0.797541678,0.798275054,0.799132109,0.799838483,0.800519228,0.801365018
Togo,742,Gender Inequality Index,GE_GII,Value,0.698789358,0.700880647,0.703596592,0.707427859,0.712448239,0.718915343,0.726470351,0.73805815,0.735442281,0.695266306,0.671678722,0.669079244,0.666448772,0.645254314,0.651295781,0.640736282,0.631610274,0.617842734,0.616747975,0.615732849,0.614677489,0.613751113,0.612797439,0.59342283
Tonga,866,Gender Development Index,GE_GDI,Value,0.907628655,0.914595187,0.921226442,0.927575886,0.933686733,0.936269522,,,,0.946184099,0.949834168,0.947721422,0.949811041,0.952509999,0.956440032,0.956706464,0.958323181,0.959091485,0.959803402,0.96177572,0.962595224,0.962960064,0.962758601,0.962446749
Tonga,866,Gender Inequality Index,GE_GII,Value,0.685076118,0.683097899,0.681258917,0.678475559,0.675644815,0.674995899,0.672998905,0.671066821,0.66958034,0.668249547,0.667037129,0.666092038,0.6653409,0.665555477,0.666583061,0.469576091,0.474360943,0.47735709,0.480641633,0.480139077,0.670206428,0.467008144,0.463870585,0.461001873
Trinidad and Tobago,369,Gender Development Index,GE_GDI,Value,0.924999118,0.947089195,0.942894995,0.942722082,0.945713282,0.94918716,0.956959546,0.959584057,0.961553156,0.963047028,0.96518147,0.967211604,0.969740331,0.974087536,0.98303628,0.985533535,0.98630017,0.98380661,0.983892739,0.985434413,0.985343814,0.986180425,0.987050712,0.987862885
Trinidad and Tobago,369,Gender Inequality Index,GE_GII,Value,0.466284275,0.443590879,0.4484092,0.452435613,0.452751398,0.4524903,0.443642765,0.43902275,0.431702405,0.423264414,0.414510906,0.410570651,0.373099774,0.369550049,0.366354972,0.363180697,0.368900776,0.358361453,0.360701948,0.366290897,0.364486426,0.363516778,0.362415493,0.361420333
Tunisia,744,Gender Development Index,GE_GDI,Value,0.750302196,0.758626223,0.768093824,0.777523935,0.787238717,0.794920802,0.801492393,0.808462858,0.812440276,0.824917853,0.833594561,0.839896202,0.843196452,0.846874177,0.851051569,0.853117108,0.858505607,0.861444175,0.863073826,0.86936903,0.870265305,0.875070095,0.876294136,0.876848161
Tunisia,744,Gender Inequality Index,GE_GII,Value,0.572135687,0.559497297,0.547192931,0.531441033,0.514680445,0.496845752,0.475932956,0.452369958,0.437080652,0.398738861,0.389261395,0.380673081,0.371560961,0.364495605,0.308767319,0.301510066,0.296506763,0.291161239,0.284907669,0.26566568,0.259597301,0.257744104,0.253260374,0.249111041
Turkey,186,Gender Development Index,GE_GDI,Value,0.817755163,0.818968713,0.819007397,0.80914098,0.821510613,0.822779357,0.826986015,0.825373054,0.82884419,0.834862292,0.831342697,0.840129435,0.845584154,0.84580344,0.844375193,0.852905929,0.874658108,0.879297733,0.886796772,0.894718587,0.902450264,0.891788304,0.89527607,0.899283171
Turkey,186,Gender Inequality Index,GE_GII,Value,0.626507938,0.617301464,0.61154002,0.617768109,0.598202527,0.590310037,0.581413448,0.576427639,0.56953609,0.5280267,0.530948341,0.522443056,0.5115031,0.508069336,0.51582104,0.511288404,0.503576577,0.451483279,0.440923661,0.427401274,0.413967639,0.374989033,0.365606517,0.358636647
Uganda,746,Gender Development Index,GE_GDI,Value,0.814629734,0.816036403,0.80878216,0.80749321,0.832560778,0.830728292,0.829355359,0.828319311,0.827854872,0.82783705,0.850254416,0.859674096,0.868337631,0.870457947,0.872920454,0.874572039,0.880150914,0.883476496,0.888772666,0.892043352,0.896199226,0.897320092,0.899151981,0.900863945
Uganda,746,Gender Inequality Index,GE_GII,Value,0.674973488,0.671684384,0.668574154,0.664458871,0.660418928,0.656653404,0.652624905,0.648518085,0.646093786,0.644392967,0.642032802,0.620267868,0.614602804,0.608793497,0.604725718,0.598896265,0.582184076,0.575102687,0.569616735,0.562766075,0.557478666,0.546900451,0.542033494,0.537035584
Ukraine,926,Gender Development Index,GE_GDI,Value,,,,,0.984030485,0.987745702,0.990217566,0.993586004,0.993307829,0.984083056,0.984733582,0.987963796,0.994213581,0.996830583,0.999618411,1.000083923,1.008565903,1.01150167,1.014936686,1.010728002,1.004520893,0.996928275,0.996760726,0.997805476
Ukraine,926,Gender Inequality Index,GE_GII,Value,,,,,,,,0.445572525,0.410332918,0.382370472,0.372706234,0.361405432,0.360075086,0.368967503,0.363379955,0.359210014,0.328920901,0.335552305,0.335302532,0.336141646,0.335698336,0.327494442,0.307926357,0.29878056
United Arab Emirates,466,Gender Development Index,GE_GDI,Value,0.916166484,0.9191764,0.922530472,0.923834383,0.927282631,0.930604458,0.931437671,0.932795703,0.934675336,0.936269939,0.93816787,0.942700803,0.94595319,0.95091629,,,,,,,,,0.963811398,0.964134872
United Arab Emirates,466,Gender Inequality Index,GE_GII,Value,0.684596956,0.674221277,0.662905693,0.654519379,0.645540774,0.63651216,0.629680693,0.622039676,0.61848104,0.615105689,0.611428618,0.60587877,0.601203382,0.600411892,0.598766208,0.596150041,0.335250497,0.232625276,0.225063592,0.220958918,0.217193782,0.231464371,0.230847552,0.231422216
Cote d'Ivoire,662,Gender Development Index,GE_GDI,Value,,,,,,,,,,0.743007898,0.745339751,0.747523546,0.750136435,0.752601206,0.754644156,0.756164491,0.759429455,0.762715876,0.765294373,0.768122196,,,,0.80764246
Cote d'Ivoire,662,Gender Inequality Index,GE_GII,Value,0.735545337,0.72945106,0.723434091,0.718272626,0.713038623,0.708016276,0.702734768,0.697427332,0.694615364,0.692593515,0.689326584,0.687833667,0.68763274,0.687710881,0.68770653,0.687833726,0.686763048,0.683800399,0.683127403,0.682592988,0.681983888,0.672496915,0.674427569,0.672015846
Croatia,960,Gender Development Index,GE_GDI,Value,,,,0.964298785,0.963805437,0.964450896,0.965301633,0.967808902,0.962974131,0.96646595,0.967745125,0.966783583,0.969727933,0.970857739,0.971687973,0.977409244,0.978984237,0.979529619,0.983739614,0.98375833,0.986500382,0.982849181,0.98291707,0.981657147
Croatia,960,Gender Inequality Index,GE_GII,Value,,,,,,,,0.265535265,0.258621424,0.251874089,0.178075835,0.177086979,0.175397858,0.175599888,0.174595758,0.174945727,0.173045844,0.177279904,0.175824359,0.16633451,0.165789753,0.162599072,0.157372043,0.152840838
Cyprus,423,Gender Development Index,GE_GDI,Value,0.919991493,0.922391176,0.926536083,0.926578701,0.929632485,0.930395603,0.934965849,0.936327815,0.938594937,0.93927145,0.942178011,0.941947341,0.940780759,0.935075939,0.930939376,0.929847896,0.935700476,0.941452205,0.946979582,0.951007187,0.956152439,0.962515056,0.967461586,0.967127383
Cyprus,423,Gender Inequality Index,GE_GII,Value,0.443311721,0.418759495,0.397946179,0.378953874,0.359213799,0.342991054,0.320835352,0.297911465,0.288642108,0.278683066,0.241085514,0.198494971,0.186251372,0.183513939,0.153259471,0.151501492,0.151639268,0.143636823,0.135669187,0.136451215,0.128298715,0.137010634,0.135813534,0.134056523
Czech Republic,935,Gender Development Index,GE_GDI,Value,0.953378499,0.957089484,0.972190022,0.964189947,0.961441576,0.962003469,0.962249517,0.963962495,0.965746343,0.964516699,0.964323878,0.96460247,0.966852367,0.969121516,0.968971848,0.970395327,0.972872436,0.973421335,0.973383486,0.974453151,0.976640582,0.981111646,0.979073524,0.983700335
Czech Republic,935,Gender Inequality Index,GE_GII,Value,,,,,,,,0.182557508,0.177577615,0.172326908,0.16710104,0.161617056,0.147990867,0.147346631,0.147164866,0.147083655,0.152764484,0.153299689,0.146276027,0.137732387,0.106876299,0.095730387,0.083236888,0.087683529
United Kingdom,112,Gender Development Index,GE_GDI,Value,0.946800649,0.948193729,0.948522329,0.949288547,0.950237453,0.950350404,0.952180207,0.955342412,0.956020832,0.959241986,0.961644709,0.961512089,0.96058327,0.961027682,0.962298214,0.960855067,0.962976336,0.963447392,0.962940931,0.963941157,0.964086294,0.96382159,0.962313414,0.964555383
United Kingdom,112,Gender Inequality Index,GE_GII,Value,0.288691729,0.272723496,0.259655833,0.249187365,0.240960389,0.233986586,0.22596091,0.218603224,0.216043755,0.212591574,0.209825367,0.21095857,0.210059658,0.211703122,0.211353645,0.206819043,0.204204887,0.202875108,0.200691611,0.198415592,0.188607961,0.180803746,0.180165127,0.180015087
Paraguay,288,Gender Inequality Index,GE_GII,Value,0.572736979,0.575404406,0.578699768,0.582143188,0.586248457,0.591018856,0.598298252,0.606896281,0.605904162,0.600481987,0.594393432,0.595073938,0.596418321,0.531293571,0.524795055,0.524701118,0.519514859,0.514326215,0.499316186,0.49375996,0.491576374,0.490205139,0.488730282,0.468571544
Peru,293,Gender Development Index,GE_GDI,Value,0.868862152,,,,,,,,,,,0.92171669,0.926945269,0.932209909,0.927014053,0.930410743,0.93406868,0.943388224,0.935597658,0.941547155,0.942663193,0.944006681,0.949141443,0.95024842
Peru,293,Gender Inequality Index,GE_GII,Value,0.597525597,0.59200865,0.583611608,0.575950384,0.568613231,0.559313536,0.548144758,0.537029147,0.531124592,0.521258235,0.503241777,0.481242567,0.475685328,0.470357776,0.462454587,0.456518918,0.427190632,0.417284757,0.413816899,0.411168784,0.407255024,0.417653471,0.413483948,0.409339994
Philippines,566,Gender Development Index,GE_GDI,Value,0.961776495,0.961923897,0.964213312,,,,,,0.976745069,0.978550613,0.976614058,0.982103586,0.985951543,0.983581722,0.988035202,0.984684587,0.982508183,0.98489362,0.986409664,0.986170948,0.988970459,0.99093461,0.991776109,0.9914518
Philippines,566,Gender Inequality Index,GE_GII,Value,0.492952317,0.494343102,0.493876815,0.493313968,0.493480504,0.491358072,0.488740504,0.484935224,0.478752106,0.477000117,0.483326286,0.45552519,0.457942128,0.461292773,0.471483886,0.470021009,0.469842941,0.452409595,0.449197292,0.443768531,0.43595618,0.431416154,0.428938091,0.419060647
Poland,964,Gender Development Index,GE_GDI,Value,0.985218704,0.985741675,0.983624578,0.979189157,0.981086314,0.983822763,0.986411393,0.985234141,0.988630295,0.992435098,0.992167115,0.994277835,0.996831536,0.997129261,1.000735998,0.999432504,0.998486698,0.998553276,0.999052644,1.001164079,1.00563848,1.007696509,1.007966995,1.008992434
Poland,964,Gender Inequality Index,GE_GII,Value,0.276083946,0.273390561,0.270676076,0.263423651,0.255093694,0.247531518,0.234108657,0.220265731,0.207718447,0.199875161,0.194496334,0.160686731,0.156142846,0.15624027,0.156796858,0.156777397,0.157787368,0.158078924,0.156508848,0.154229179,0.150591448,0.137150943,0.133829758,0.13036266
Portugal,182,Gender Development Index,GE_GDI,Value,0.944064796,0.956323564,0.958503962,0.965825558,0.963680506,0.967279196,0.972175598,0.973689854,0.972964823,0.973655462,0.975759208,0.981476068,0.980877101,0.981310904,0.9819206,0.983015478,0.983201742,0.980811656,0.978730202,0.980244279,0.981836021,0.984912336,0.984100997,0.982955039
Portugal,182,Gender Inequality Index,GE_GII,Value,0.304937631,0.285890102,0.270270348,0.255350918,0.241260141,0.227071345,0.221468642,0.215957835,0.216931075,0.192341849,0.196816981,0.190689564,0.187756345,0.183546752,0.180035338,0.16878289,0.165322945,0.14445591,0.140526757,0.137303025,0.13246718,0.120751694,0.115747534,0.111659825
United States,111,Gender Development Index,GE_GDI,Value,0.987546682,0.987558007,0.986497939,0.985296249,0.986242712,0.986234367,0.985130429,0.984791934,0.990518391,0.989413917,0.983026147,0.984572232,0.986097336,0.988700867,0.991243243,0.992200255,0.993573844,0.992784441,0.991677701,0.994763672,0.994479477,0.995734096,0.995305836,0.995103776
United States,111,Gender Inequality Index,GE_GII,Value,0.329841226,0.324708223,0.319886923,0.31181103,0.303059429,0.29580602,0.291192234,0.286704689,0.286691189,0.278011262,0.276030183,0.275992215,0.27813825,0.278103232,0.278244734,0.279139966,0.28204146,0.286338836,0.288748235,0.291696131,0.293692887,0.290895104,0.283618987,0.281495392
Uruguay,298,Gender Development Index,GE_GDI,Value,,,,,,,,,0.98453927,0.97710681,0.97831279,0.98442322,0.985953271,0.993178546,0.992765963,0.996146977,0.992905557,0.991856635,0.999696672,0.999791265,1.00480938,1.008128524,1.009498954,1.010301828
Uruguay,298,Gender Inequality Index,GE_GII,Value,0.467759907,0.465918273,0.461074561,0.458142459,0.453550369,0.449086696,0.444099724,0.439264119,0.435766727,0.40031898,0.397569686,0.393466085,0.390703946,0.388225496,0.385844767,0.388595581,0.386163682,0.372782916,0.36593017,0.349328369,0.337382704,0.339962721,0.326729178,0.311240792
"Venezuela, Republica Bolivariana de",299,Gender Development Index,GE_GDI,Value,0.948083699,0.952296793,0.952611744,0.951487243,0.952836692,0.960024834,0.962681293,0.968598664,0.970056057,0.972952127,0.98354733,0.991482973,0.985849321,0.98051542,0.982268751,0.983733594,0.98344785,0.985352278,1.008938313,1.012265682,1.012848496,1.013708234,1.014666915,1.015336633
"Venezuela, Republica Bolivariana de",299,Gender Inequality Index,GE_GII,Value,0.539743245,0.538986921,0.54243499,0.547887504,0.550099254,0.546663046,0.545049787,0.54475373,0.541309834,0.500455201,0.503319681,0.504085243,0.501601875,0.50199914,0.502592087,0.472031683,0.472848922,0.472838551,0.47304669,0.475973517,0.478964806,0.477588594,0.476099879,0.474807888
Vietnam,582,Gender Development Index,GE_GDI,Value,,,,,,,,,0.960561931,0.958330333,0.959342897,0.953968525,0.955643296,0.956044197,0.959442258,0.958926499,0.960428834,0.970633864,0.969835877,,,,,
Vietnam,582,Gender Inequality Index,GE_GII,Value,0.426360875,0.420439422,0.414934576,0.40443784,0.394058913,0.383787185,0.372882843,0.362221152,0.356518418,0.351304054,0.345322341,0.340122998,0.331852108,0.328245699,0.324346393,0.320098102,0.319238335,0.321575075,0.317639023,0.313516796,0.309356868,0.310440689,0.307967395,0.306264579
West Bank and Gaza,487,Gender Development Index,GE_GDI,Value,,,,,,,,,,,,,,,0.804543376,,0.816318214,,0.828185499,0.834776938,0.835133076,0.847459495,0.854787469,0.861860156
"Yemen, Republic of",474,Gender Development Index,GE_GDI,Value,,,,,,,,,,0.610744953,0.612889647,0.616167188,0.618576586,0.662184715,0.673306882,0.683658481,0.686249256,0.688235641,0.709243178,0.715392411,0.72413516,0.733734846,0.736081362,0.73805362
"Yemen, Republic of",474,Gender Inequality Index,GE_GII,Value,0.786153793,0.794316173,0.79920727,0.803124726,0.807037532,0.808961868,0.80643034,0.807734191,0.814202726,0.807330132,0.802773952,0.796491325,0.790498316,0.811276853,0.806568086,0.801999986,0.796668887,0.791515708,0.788041472,0.78482753,0.781298459,0.779071093,0.776758432,0.774781764
Zambia,754,Gender Development Index,GE_GDI,Value,0.814422965,0.821161926,0.829146326,0.836871564,0.844049692,0.852161705,0.84477514,0.838308275,0.832734883,,,,,,,,,,,,,,,
Zambia,754,Gender Inequality Index,GE_GII,Value,0.665709436,0.658550739,0.652603328,0.64827019,0.644038737,0.640711367,0.643146396,0.645617247,0.646520138,0.651305437,0.655414224,0.652876616,0.642323852,0.637187839,0.631743491,0.623316646,0.611722469,0.604557216,0.599340141,0.597909451,0.592152655,0.598158777,0.594265997,0.590014935
Kenya,664,Gender Development Index,GE_GDI,Value,0.863633037,0.866334319,0.866527677,0.8662678,0.866284251,0.866211772,0.865477145,0.863964081,,,0.867017388,0.868070662,0.864679813,0.865584075,0.869364619,0.873287499,0.880014658,0.886971712,0.893574774,0.901418746,0.908058763,0.910543203,0.912569046,0.914364517
Kenya,664,Gender Inequality Index,GE_GII,Value,0.742043853,0.730938375,0.721035421,0.714107633,0.707856476,0.702226043,0.69666034,0.691499889,0.68325913,0.682805121,0.682486117,0.681122601,0.679888487,0.648294806,0.646769404,0.645279765,0.638843536,0.634480536,0.614681005,0.609281003,0.603962719,0.60064733,0.597169161,0.56204766
"Korea, Republic of",542,Gender Development Index,GE_GDI,Value,0.895956397,0.898800194,0.901213706,0.904996276,0.906174064,0.910039961,0.912164509,0.91566509,0.909462988,0.910819829,0.911377549,0.913573205,0.91379869,0.912555397,0.91403681,0.916114151,0.918119669,0.919923425,0.922803819,0.923486412,0.926225543,0.926370502,0.926283479,0.926677227
"Korea, Republic of",542,Gender Inequality Index,GE_GII,Value,0.321466923,0.31032908,0.299066484,0.29007116,0.280634135,0.270873278,0.261656553,0.251719147,0.236170202,0.231354907,0.19064799,0.18542783,0.18077828,0.180492103,0.120814227,0.116570637,0.11660976,0.112379894,0.11733982,0.11534436,0.11673893,0.121994205,0.122418858,0.127116904
Kuwait,443,Gender Development Index,GE_GDI,Value,0.905038118,0.905869424,0.9149369,0.919335604,0.922874331,0.93303144,0.93107295,0.940660834,0.943941295,0.94385308,0.947109103,0.948300779,0.951467156,0.962372243,0.962941349,0.96439594,0.965288043,0.965755045,0.964736462,0.967355192,0.966358125,0.967288077,0.955246925,0.955978334
Kuwait,443,Gender Inequality Index,GE_GII,Value,,,,,,,,0.587020636,0.582225382,0.577369511,0.572529614,0.566833973,0.560851157,0.556179047,0.552807391,0.363648474,0.361221999,0.35887605,0.30764398,0.250171453,0.257772297,0.258496732,0.274270743,0.275346816
Kyrgyz Republic,917,Gender Development Index,GE_GDI,Value,,,,,,,,,,0.945212781,0.944658577,0.944940269,0.947032571,0.950438142,0.953336179,0.950310946,0.959277868,0.963081181,0.959652662,0.963585436,0.960751474,0.960548937,0.961914718,0.972736776
Kyrgyz Republic,917,Gender Inequality Index,GE_GII,Value,,,,,,,,0.589856327,0.581897795,0.573374867,0.535947442,0.441147476,0.429610789,0.427995324,0.426097572,0.680664122,0.678464115,0.360091895,0.357221812,0.354617029,0.357172906,0.355733216,0.354129493,0.349934429
Lao People's Democratic Republic,544,Gender Development Index,GE_GDI,Value,0.82476145,0.827115655,0.829460442,0.828860819,0.831821978,0.838215053,0.841380358,0.843851388,0.846815348,0.84941417,0.851733446,0.849425435,0.854204834,0.856737554,0.864389956,0.866924584,0.872007728,0.877239168,0.884947419,0.892561674,0.897336423,0.898658454,0.903146088,0.906619966
Lao People's Democratic Republic,544,Gender Inequality Index,GE_GII,Value,0.696460903,0.682032704,0.669675648,0.655303955,0.641610622,0.628517091,0.615991354,0.603688061,0.591936946,0.584497094,0.576763809,0.569219351,0.55726248,0.552185655,0.546766222,0.541048408,0.531137168,0.526185095,0.518531382,0.510305345,0.501387835,0.495699167,0.489230633,0.482965231
Latvia,941,Gender Development Index,GE_GDI,Value,,1.017107248,1.025029898,1.033792734,1.039126754,1.03263104,1.017135382,1.020228982,1.017437458,1.014939308,1.019923329,1.024570942,1.027204514,1.027561784,1.024087787,1.03901279,1.036297798,1.038638353,1.04015398,1.034846187,1.027361155,1.027187228,1.022488713,1.018901944
Latvia,941,Gender Inequality Index,GE_GII,Value,,,,,,,,0.358281225,0.352033645,0.30511412,0.295277119,0.279887259,0.262315899,0.241724774,0.231457204,0.216760471,0.229047582,0.230858549,0.231108829,0.222987458,0.227612182,0.200068593,0.176446944,0.14871192
Lebanon,446,Gender Development Index,GE_GDI,Value,,,,,,,,,,,,,,,,,,0.883024454,0.884512901,0.901711702,0.887912273,0.888198376,0.89130789,0.892925024
Lesotho,666,Gender Development Index,GE_GDI,Value,1.031253815,1.032503963,1.028879523,1.025537372,1.021665931,1.020013332,1.011411428,1.008047938,1.001908898,0.989484549,0.972041011,0.965044856,0.959790826,0.957798004,0.957796395,0.957944334,0.955878139,0.95484364,0.954097271,0.953187406,0.951779425,0.952629983,0.960453868,0.96116364
Lesotho,666,Gender Inequality Index,GE_GII,Value,,,,,,,,0.633119106,0.641261935,0.640672445,0.641038775,0.638232768,0.604705751,0.585346937,0.584032178,0.58289814,0.582914889,0.55323869,0.550382793,0.551461756,0.551405072,0.54955101,0.542939961,0.538483202
Liberia,668,Gender Development Index,GE_GDI,Value,,,,,,,,,,,0.76260978,0.757304311,0.766665161,,0.755241036,0.761960506,0.767317474,0.771298051,0.774712205,0.77922827,0.782117188,0.784500599,0.785813332,0.786875129
Liberia,668,Gender Inequality Index,GE_GII,Value,,,,,,,,,,,0.703057945,0.702226043,0.701276541,0.699048579,0.711744785,0.673004091,0.669758797,0.666575313,0.661697388,0.656361341,0.650774598,0.659886777,0.650763452,0.648262799
Libya,672,Gender Development Index,GE_GDI,Value,0.796913624,0.80169493,0.806532919,0.811359763,,,,,,,,,0.906879783,0.910253704,0.916350305,0.920136929,0.92543304,0.930307388,0.933022618,0.938858747,0.941199124,0.927898586,0.938784778,0.937282979
Libya,672,Gender Inequality Index,GE_GII,Value,,,,,,,,,,,,,,,,0.24914594,0.207125843,0.201250821,0.19550845,0.190372288,0.18576555,0.153599575,0.132035702,0.130383492
Lithuania,946,Gender Development Index,GE_GDI,Value,,,,1.000519276,1.004180074,1.009789944,1.006469965,1.006181717,1.007360101,1.011870742,1.015620232,1.022037148,1.021020532,1.024074912,1.025755167,1.033603191,1.034191251,1.036737084,1.0313586,1.03613019,1.032072425,1.030426621,1.029144287,1.027929783
Lithuania,946,Gender Inequality Index,GE_GII,Value,,,,,,,,0.274596572,0.267744124,0.256975651,0.28090474,0.268508583,0.255446315,0.243394837,0.186784878,0.17445533,0.161404118,0.162513927,0.170063496,0.155928016,0.147441834,0.139949158,0.117109686,0.119801469
Luxembourg,137,Gender Development Index,GE_GDI,Value,0.9402107,0.94209826,0.942774177,0.945559561,0.943640709,0.945447445,0.954224288,0.942337632,,,,0.960598707,0.964684606,0.960329175,0.964780271,0.961482286,0.959227681,0.962638915,0.958351374,0.958240271,0.962346137,0.962653041,0.961608946,0.960264683
Luxembourg,137,Gender Inequality Index,GE_GII,Value,0.218458965,0.209829703,0.198785096,0.194220021,0.183790833,0.187605917,0.177632138,0.166955903,0.167795464,0.17609784,0.175036922,0.183063641,0.18967846,0.190775424,0.167838275,0.168646738,0.159629986,0.152099237,0.14648208,0.15079464,0.144224361,0.123156518,0.125223398,0.113966785
"Macedonia, FYR",962,Gender Development Index,GE_GDI,Value,,,,,,,,,,,,,,,,0.943025529,0.941066623,0.940851927,0.939159036,0.939456165,0.941263139,0.941346526,0.94379431,0.944713295
Malawi,676,Gender Development Index,GE_GDI,Value,0.802018225,0.806711614,0.806659341,0.828719914,0.836822331,0.839408934,0.836530805,0.833854318,0.83095324,0.829270303,0.829313993,0.827666521,0.828407586,0.82825309,0.83770144,0.841563582,0.855743647,0.866347194,0.874981523,0.878245771,0.885941267,0.88861686,0.88864398,0.889213383
Malawi,676,Gender Inequality Index,GE_GII,Value,0.698844373,0.701652467,0.704619527,0.70562464,0.706422746,0.707389057,0.709468603,0.712030232,0.709752858,0.691484392,0.684528172,0.680567205,0.676596403,0.673057854,0.650943696,0.648400128,0.641621649,0.638264894,0.63326776,0.607729316,0.604928195,0.59960264,0.597731054,0.596205592
Malaysia,548,Gender Development Index,GE_GDI,Value,0.905979097,0.907665491,0.909315348,0.911127687,0.912793636,0.914481401,0.915192008,0.915560424,0.921751499,0.919035673,0.925087154,0.922695756,0.925417781,0.929844141,0.929923534,0.926818311,0.92950213,0.931644142,0.933900177,0.936226368,0.938010633,0.937554419,0.937482774,0.937482893
Malaysia,548,Gender Inequality Index,GE_GII,Value,0.433108449,0.424438894,0.416054577,0.405043572,0.393909693,0.382823259,0.374252737,0.36561799,0.362283528,0.346822888,0.329517573,0.324607044,0.319630593,0.31569919,0.322125524,0.318913549,0.315405875,0.305312246,0.287957191,0.280842841,0.266954035,0.248788774,0.231520861,0.228488371
Maldives,556,Gender Development Index,GE_GDI,Value,,,,,,,,,0.88418287,0.890645981,0.899939358,0.901619136,0.910208881,0.913131177,0.917890847,0.918451786,0.922510147,0.925600231,0.927244604,0.931108415,0.932808459,0.932337224,0.932615876,0.932631075
Maldives,556,Gender Inequality Index,GE_GII,Value,0.709816158,0.694640756,0.677948654,0.660427511,0.641072512,0.618555009,0.599712133,0.57847333,0.558295906,0.536920607,0.511916637,0.491081387,0.466738611,0.449739546,0.431309819,0.363565147,0.33446452,0.306159586,0.285539687,0.307116896,0.283969194,0.264046401,0.240127385,0.234062985
Mali,678,Gender Development Index,GE_GDI,Value,0.672603428,0.673702419,0.670111835,0.682417035,0.683935225,0.700370371,0.700774014,0.700134635,0.710687995,0.716352284,0.725838244,0.725363195,0.727201819,0.728184581,0.730632544,0.732829928,0.744749308,0.757467508,0.783461154,0.792609811,0.803691626,0.770435095,0.769536972,0.76954174
Mali,678,Gender Inequality Index,GE_GII,Value,,,,,,,,0.72459203,0.723422825,0.722157419,0.720410705,0.719204426,0.7239393,0.722019196,0.719400704,0.715737939,0.69281733,0.678210437,0.666851163,0.657583773,0.649331033,0.647344351,0.645305812,0.643093526
Malta,181,Gender Development Index,GE_GDI,Value,0.878052354,0.882555962,0.885915756,0.88664794,0.889063656,0.897786021,0.908754826,0.909963727,0.913249433,0.907479525,0.914084196,0.913673401,0.924865127,0.924990714,0.914666474,0.923423052,0.935060263,0.933117032,0.94180268,0.943406761,0.938043058,0.945384443,0.947829902,0.948961139
Malta,181,Gender Inequality Index,GE_GII,Value,0.382101119,0.368096054,0.356564999,0.348717958,0.343118757,0.33587572,0.330968916,0.325971574,0.322527051,0.285915583,0.282332599,0.282683164,0.271140099,0.286144972,0.281543255,0.274716854,0.27571854,0.271089613,0.270325482,0.269108951,0.267189056,0.26421845,0.256134182,0.221339941
Mauritania,682,Gender Development Index,GE_GDI,Value,0.643680513,0.653701425,0.664764225,0.67343086,0.688879192,0.690971255,0.693531036,0.708066761,0.725809038,0.731788337,0.73728627,0.74217242,0.751630723,0.759672344,0.769070029,0.772895634,0.771267831,0.780462861,0.784691751,0.794099212,0.79474473,0.796216071,0.800026417,0.807981372
Mauritania,682,Gender Inequality Index,GE_GII,Value,,,,,,,,0.790095448,0.750112832,0.747004807,0.742329001,0.738115549,0.733490467,0.730039835,0.725950181,0.677423,0.654853463,0.636027098,0.63126266,0.624817133,0.620733917,0.6171574,0.613061368,0.609310389
Guyana,336,Gender Inequality Index,GE_GII,Value,0.500156045,0.502607763,0.505464375,0.507891893,0.512559295,0.517741382,0.5218907,0.526251197,0.532083273,0.53840065,0.540173531,0.542444706,0.54034543,0.542193592,0.523954093,0.525352895,0.528900027,0.529235005,0.5247702,0.521622598,0.518231213,0.515380263,0.51451838,0.514526367
Haiti,263,Gender Inequality Index,GE_GII,Value,,,,,,,,0.647245109,0.643638313,0.63999337,0.636213183,0.633292437,0.630196393,0.62775445,0.625249922,0.622785568,0.648106933,0.610613465,0.607944787,0.605312169,0.551158607,0.598387182,0.595110238,0.592057288
Honduras,268,Gender Development Index,GE_GDI,Value,0.857796848,0.870896459,0.879930139,0.884582758,0.885393679,0.887526751,0.905677021,0.906138062,0.913286805,0.916423917,0.918600976,0.918017983,,,,,,,0.94713068,0.953335702,0.951600194,0.960703433,0.96649158,0.967139602
Honduras,268,Gender Inequality Index,GE_GII,Value,0.632035553,0.627995372,0.620071232,0.615744829,0.610955894,0.605724216,0.592270315,0.587647736,0.580746591,0.570262313,0.566911042,0.567115426,0.595632792,0.592199028,0.588573813,0.511344492,0.507375717,0.503680348,0.50038743,0.510974169,0.507643282,0.501450241,0.499422461,0.497613609
Hungary,944,Gender Development Index,GE_GDI,Value,0.960994124,0.965166509,0.971041322,0.972767651,0.978036761,0.975771844,0.973601162,0.974033415,0.980534792,0.980128407,0.978294849,0.979678929,0.982910931,0.986397386,0.98810637,0.991536319,0.994322419,0.992239654,0.991123319,0.990238965,0.989780962,0.987421632,0.984649658,0.984666049
Hungary,944,Gender Inequality Index,GE_GII,Value,0.307779521,0.304468691,0.301359564,0.300366193,0.300607741,0.304236799,0.295545191,0.286477476,0.290498793,0.273442805,0.253714532,0.254246294,0.246837884,0.242461517,0.248942524,0.249840796,0.248107165,0.250414997,0.250867277,0.250081092,0.260439605,0.247155264,0.22938852,0.2151618
Iceland,176,Gender Development Index,GE_GDI,Value,0.962479413,0.97055161,0.960047901,0.965248644,0.972098053,0.9708938,0.977220595,0.980943322,0.977491558,0.983425975,0.983133256,0.991433263,0.990542233,0.990075707,0.997274101,0.996797025,0.99696213,1.004501939,1.002218366,1.008021832,1.010628581,1.003059745,0.998636365,0.999346256
Iceland,176,Gender Inequality Index,GE_GII,Value,0.183314756,0.178555459,0.172715768,0.167729363,0.164342761,0.162137285,0.159477532,0.157695577,0.153729245,0.13301757,0.128844202,0.124223396,0.119709179,0.12380366,0.122362278,0.114543684,0.112515837,0.109601937,0.106925651,0.092308052,0.089313969,0.089608185,0.085873924,0.082614206
India,534,Gender Development Index,GE_GDI,Value,0.712694883,0.711233675,0.711869955,0.712277055,0.713117242,0.732752681,0.739658296,0.746236861,0.749044716,0.751218319,0.760361373,0.75572747,0.760802507,0.778174877,0.781149805,0.78106159,0.782217741,0.792233407,0.79156971,0.801542997,0.802642584,0.806193948,0.806409895,0.806532085
India,534,Gender Inequality Index,GE_GII,Value,0.715134799,0.710661173,0.705978811,0.700848818,0.695532918,0.691040635,0.683374465,0.675827026,0.664988935,0.657602131,0.648705482,0.645059705,0.64012599,0.634120166,0.630526185,0.623626351,0.618965745,0.609266937,0.604617476,0.590900004,0.585786462,0.578526676,0.571991086,0.567958415
Indonesia,536,Gender Development Index,GE_GDI,Value,0.872968137,0.872963965,0.87335223,0.884257495,0.888065398,0.890301883,0.890733719,0.890879571,0.891408443,0.899963558,0.901897192,0.896465957,0.899008036,0.900210261,0.903720737,0.902503669,0.906374991,0.909880102,0.912252963,0.914725482,0.92078501,0.922686815,0.924832702,0.925090253
Indonesia,536,Gender Inequality Index,GE_GII,Value,0.597523749,0.59492147,0.592229187,0.585594475,0.578411996,0.573438168,0.568966985,0.565119684,0.561160445,0.569291592,0.578227162,0.576224685,0.574487031,0.571134627,0.54976207,0.546305656,0.542640269,0.537635505,0.532952368,0.506109118,0.501796067,0.498016417,0.493601352,0.490205139
"Iran, Islamic Republic of",429,Gender Development Index,GE_GDI,Value,,,,,,,,,,0.768115461,0.781548023,0.789745867,0.799196661,0.809590638,0.829948246,0.837853193,0.843624234,0.852590442,0.846193016,0.851968408,0.854386568,0.857035458,0.860416651,0.861170948
"Iran, Islamic Republic of",429,Gender Inequality Index,GE_GII,Value,0.746738136,0.728177965,0.710776389,0.694812953,0.677999854,0.661608696,0.643595397,0.621092796,0.605784833,0.590205729,0.593160033,0.578153789,0.552267313,0.54041642,0.528004408,0.515711486,0.513550937,0.512015402,0.540998518,0.535482168,0.530100167,0.528074026,0.519997776,0.517436624
Iraq,433,Gender Development Index,GE_GDI,Value,0.638246179,0.659932196,0.67423141,0.685114563,0.694349229,0.702711344,0.709920883,0.717415631,0.725062251,0.730025232,0.735592306,0.738419473,0.741244674,0.746012151,0.757391214,0.760037124,0.775797725,0.785904944,0.782151818,0.791060448,0.792219162,0.79453218,0.796120226,0.79744947
Iraq,433,Gender Inequality Index,GE_GII,Value,0.660364628,0.656865239,0.653497338,0.651792526,0.649586678,0.64743489,0.647084117,0.647004306,0.644105375,0.64031893,0.628177345,0.626984417,0.625708938,0.602329373,0.584909558,0.573265314,0.561249852,0.560135484,0.557244003,0.55391264,0.551392138,0.548167646,0.54486841,0.540901363
Ireland,178,Gender Development Index,GE_GDI,Value,0.944245458,0.946773112,0.950089753,0.951829493,0.954738617,0.958407104,0.965203643,0.966670573,0.972068667,0.974414408,0.975855231,0.979943335,0.983174086,0.977665305,0.97132802,0.973281562,0.974044442,0.974621773,0.975735962,0.979406953,0.976019084,0.971608877,0.972761691,0.973430336
Ireland,178,Gender Inequality Index,GE_GII,Value,0.254921824,0.248296812,0.240874872,0.234236509,0.230059117,0.226590186,0.222119883,0.2190056,0.216467142,0.213771924,0.212591901,0.211708009,0.202442914,0.199578851,0.197648093,0.193357259,0.190972269,0.187439874,0.179788068,0.167792246,0.158273995,0.142481893,0.131208092,0.127248421
Israel,436,Gender Development Index,GE_GDI,Value,0.928449988,0.93079257,0.935543239,0.937958717,0.941630363,0.944715381,0.944802821,0.949462473,0.95179677,0.950788081,0.957614124,0.954817057,0.959228575,0.960673511,0.964868009,0.96380949,0.961733699,0.963914096,0.964619398,0.967091858,0.967880487,0.967980862,0.969747245,0.969486177
Israel,436,Gender Inequality Index,GE_GII,Value,0.27585727,0.268481284,0.260394871,0.254724115,0.247037485,0.24000451,0.236403078,0.232540652,0.229828998,0.195644215,0.188226745,0.182350874,0.176098466,0.169597954,0.167723998,0.165394187,0.167520538,0.166082934,0.160483599,0.136528626,0.126698881,0.116575211,0.108323917,0.091436602
Italy,136,Gender Development Index,GE_GDI,Value,0.933220625,0.934524298,0.936465561,0.938722968,0.942520499,0.94225806,0.945416451,0.947353303,0.951050758,0.952119887,0.949917257,0.954956591,0.953135312,0.954305291,0.959988296,0.959623873,0.962382913,0.962442756,0.963723302,0.964820266,0.965239942,0.965912938,0.966243088,0.966050923
Italy,136,Gender Inequality Index,GE_GII,Value,0.193905473,0.190209597,0.189256907,0.18942675,0.187177658,0.18542245,0.18358317,0.182356119,0.180943385,0.178444669,0.177079275,0.184188068,0.18315132,0.17046383,0.167516172,0.16647099,0.136976615,0.135899171,0.115513012,0.109960236,0.103394724,0.095758915,0.08792486,0.063900791
Jamaica,343,Gender Development Index,GE_GDI,Value,,,,,,,,,,,0.983628929,0.984033048,0.989161372,0.990073621,0.991299629,0.99171263,0.992459297,0.992030203,0.990545869,0.991378605,0.991562605,0.992200911,0.992755055,0.993300676
Jamaica,343,Gender Inequality Index,GE_GII,Value,0.536728919,0.523811281,0.512255669,0.501732886,0.491797745,0.484399676,0.479288489,0.474917859,0.467582107,0.468038559,0.467238754,0.466105998,0.468005389,0.470222741,0.468176007,0.465671808,0.463498771,0.454098225,0.451888055,0.450311571,0.448225766,0.448653966,0.445785493,0.443775922
Japan,158,Gender Development Index,GE_GDI,Value,0.92999965,0.931780279,0.934880674,0.935483873,0.938764691,0.940229118,0.941836953,0.943824053,0.945913672,0.944606602,0.947838604,0.948087752,0.951372147,0.951746404,0.958987892,0.952955842,0.952145934,0.953086615,0.953967869,0.957268417,0.957801223,0.956866086,0.957679808,0.95789963
Japan,158,Gender Inequality Index,GE_GII,Value,0.303095311,0.27711007,0.256548971,0.240511701,0.225656778,0.212390617,0.204037383,0.196330428,0.199210525,0.20253998,0.171265021,0.173365563,0.176229015,0.176136509,0.174192697,0.155290589,0.150241792,0.148388132,0.14827612,0.134793237,0.133255869,0.138223112,0.159923092,0.157503977
Jordan,439,Gender Development Index,GE_GDI,Value,0.72376132,0.722552598,0.747678638,0.758690953,0.76721251,0.777375579,0.775281966,0.779508054,0.781866729,0.797535241,0.817516208,0.819909036,0.825918853,0.825298369,0.817536473,0.826926708,0.837193906,0.856423974,0.854984879,0.86024344,0.863794744,0.866896152,0.869067609,0.87136519
Jordan,439,Gender Inequality Index,GE_GII,Value,0.806125939,0.802320361,0.794863701,0.788954318,0.782987654,0.777075827,0.774329007,0.771241009,0.768626213,0.765746117,0.762857258,0.655003488,0.645452499,0.576066256,0.581418991,0.566410482,0.558577061,0.527669668,0.527226508,0.520217001,0.4861269,0.482105523,0.480028421,0.468914956
Kazakhstan,916,Gender Development Index,GE_GDI,Value,,,,,,,,,,0.983377755,0.990244627,0.99495095,0.999810398,1.005540729,1.011556625,1.015867233,1.018161774,1.024593949,1.010540009,1.005462408,1.004242897,1.003530383,1.001154661,1.0009799
Kazakhstan,916,Gender Inequality Index,GE_GII,Value,,,,,,,,0.410633057,0.401546448,0.404984325,0.397237182,0.385715872,0.373463601,0.36701411,0.360513866,0.352650344,0.349127918,0.319048434,0.316740215,0.307812035,0.305712193,0.297186196,0.268401653,0.252505034
Nicaragua,278,Gender Inequality Index,GE_GII,Value,0.609755993,0.609921396,0.610176504,0.609052002,0.608066201,0.607212305,0.601705551,0.596266448,0.58920157,0.587317169,0.580382288,0.552108824,0.530105531,0.524496794,0.518690705,0.512877762,0.523894429,0.510698795,0.506860435,0.497267127,0.493534535,0.454372734,0.449905813,0.445766002
Niger,692,Gender Development Index,GE_GDI,Value,0.539384544,0.54692024,0.55411166,0.561008215,0.567636192,0.574005127,0.580021799,0.585892022,0.591687202,0.597465575,0.603289843,,,0.65512234,0.658518434,0.663671076,0.667626381,0.673632264,0.683512747,0.686653018,0.700964451,0.70400238,0.712494969,0.713975728
Niger,692,Gender Inequality Index,GE_GII,Value,0.803997636,0.805051506,0.806499124,0.808398247,0.8112005,0.815175414,0.819941103,0.828045428,0.825156271,0.822470725,0.819716036,0.815723598,0.814061344,0.812283337,0.73358947,0.73139894,0.729174078,0.727032602,0.724979758,0.732400239,0.723725796,0.716272593,0.714707136,0.713299096
Norway,142,Gender Development Index,GE_GDI,Value,0.980744898,0.979978561,0.980236828,0.978241742,0.97680366,0.978249133,0.978849888,0.982120991,0.986509383,0.9878757,0.991335452,0.992070436,0.994524479,0.995791972,0.997410536,0.997661948,0.996860027,0.996479452,0.997833908,0.998255372,0.99703306,0.997909784,0.99585557,0.99549377
Norway,142,Gender Inequality Index,GE_GII,Value,0.129716456,0.125999957,0.124330103,0.120779864,0.117818736,0.114330187,0.110927261,0.107594825,0.104286276,0.100525253,0.097150095,0.093699962,0.088497803,0.08642552,0.082385242,0.081075586,0.079579689,0.07975401,0.078087181,0.072154045,0.070976369,0.069067344,0.067654982,0.064384587
Oman,449,Gender Development Index,GE_GDI,Value,,,,,,,,,,,,,,0.887677729,,,,,0.90896374,,,,,
Pakistan,564,Gender Development Index,GE_GDI,Value,0.563384891,0.568346083,0.57180047,0.576730132,0.580660582,0.569505215,0.568940103,0.56507808,0.577360511,0.578660309,0.581183136,,,,,,0.692424178,0.693717003,0.692781568,0.715067923,0.717366755,0.716710746,0.719118237,0.71986711
Pakistan,564,Gender Inequality Index,GE_GII,Value,0.741098464,0.738096952,0.737956583,0.73561722,0.735659182,0.749089897,0.749375939,0.75364852,0.746969402,0.697074175,0.666233003,0.643366218,0.621615887,0.609503269,0.59933126,0.586427629,0.573872864,0.566437602,0.556405902,0.547026098,0.53767705,0.532294095,0.527024567,0.527425468
Panama,283,Gender Development Index,GE_GDI,Value,0.923941016,0.929569721,0.932272017,0.934641898,0.938170314,0.940823793,0.943656802,0.942655921,0.94934684,0.956559539,0.958929777,0.964392304,0.966445208,0.967214882,0.971551299,0.975945771,0.976534963,0.978990793,0.980297089,0.98116374,0.982152522,0.983953893,0.984259486,0.985426664
Panama,283,Gender Inequality Index,GE_GII,Value,0.545818388,0.540389717,0.536306083,0.533366084,0.528516591,0.524002969,0.519891202,0.515493631,0.512883246,0.509657323,0.505222499,0.503548503,0.501787901,0.500267088,0.471912235,0.469653934,0.470417947,0.467934489,0.466971755,0.500622392,0.500201106,0.499751419,0.499371439,0.499173373
Papua New Guinea,853,Gender Development Index,GE_GDI,Value,0.862858951,0.859703302,0.856630504,0.853534639,0.849480271,0.862248719,0.862525582,0.862031043,0.864489257,0.861667335,0.861901581,0.856380999,0.858071506,0.858438432,0.862127185,0.861588538,0.864898503,0.86593765,0.869680107,,,,,
"Afghanistan, Islamic Republic of",512,Gender Development Index,GE_GDI,Value,0.513332963,0.508436918,0.503019571,0.496989042,0.490140289,0.482148468,0.471544981,,,,,,,0.465889424,0.448533535,0.455569267,0.466992438,0.475876898,0.487552762,0.55347389,0.565771699,0.587302029,0.597737789,0.601470232
"Afghanistan, Islamic Republic of",512,Gender Inequality Index,GE_GII,Value,0.82824409,0.817706347,0.809805751,0.803077877,0.797028482,0.792113185,0.787812293,0.783993065,0.779729366,0.775405288,0.772051454,0.767977297,0.761802375,0.753782153,0.745357573,0.735925019,0.732496917,0.727537036,0.722909451,0.718444526,0.711528003,0.704575777,0.697546065,0.69126761
Albania,914,Gender Development Index,GE_GDI,Value,0.911246896,0.915040374,0.925783217,0.930571675,0.927079856,0.923951864,0.926665127,0.928496659,0.930216193,0.932867348,0.935300708,0.940669417,0.943443954,0.945734024,0.948426008,0.950331926,0.95200038,0.952342987,0.953231394,0.954119563,0.954019248,0.950582504,0.950477719,0.950515568
Albania,914,Gender Inequality Index,GE_GII,Value,0.304178923,0.306627572,0.310515136,0.315709919,0.321966082,0.329664469,0.34011966,0.352817744,0.368949771,0.393370658,0.390317291,0.37836507,0.372151554,0.363880754,0.347002447,0.330550045,0.322004944,0.312857449,0.308194667,0.246237531,0.240876928,0.240130901,0.23643963,0.223407015
Algeria,612,Gender Development Index,GE_GDI,Value,,,,,,,,,,,,,,,0.800116897,0.807840407,0.814329982,0.822472155,0.827167034,0.835007489,0.838937581,0.843350708,0.845181942,0.847722709
Algeria,612,Gender Inequality Index,GE_GII,Value,0.705101132,0.696064889,0.686864555,0.67717129,0.667237997,0.655960798,0.644212961,0.632497489,0.624979794,0.617097139,0.604949057,0.594988227,0.550585806,0.544245183,0.537970722,0.530892909,0.524562716,0.504988253,0.49864465,0.492455959,0.489282429,0.485857189,0.402576149,0.397728026
Argentina,213,Gender Development Index,GE_GDI,Value,0.947881818,0.948956907,0.950298071,0.952370822,0.954400003,0.957256556,0.958975196,0.962326169,,0.975512624,0.974241138,0.975112677,0.970740676,0.974008977,0.974838436,0.976643562,0.982885718,0.981588125,0.988045216,0.993281424,0.989962757,0.993529439,0.992854297,0.993389904
Argentina,213,Gender Inequality Index,GE_GII,Value,0.515612721,0.491696,0.473582029,0.457045436,0.442913085,0.429041147,0.420271516,0.412631422,0.410048395,0.40866977,0.407265157,0.400430232,0.393981934,0.39268434,0.384086102,0.380790383,0.383600384,0.37588349,0.376159191,0.378283441,0.382439286,0.380697161,0.377508014,0.374633461
"Armenia, Republic of",911,Gender Development Index,GE_GDI,Value,,,,,,,,,,,0.934486985,0.924896002,0.916369319,0.922183573,0.944512129,0.951900125,0.955079556,0.970558465,0.96975112,0.973065138,0.977898002,0.980189741,0.982501268,0.984123349
"Armenia, Republic of",911,Gender Inequality Index,GE_GII,Value,0.356926233,0.368211508,0.379360855,0.383876234,0.390477777,0.399515361,0.409590155,0.42969647,0.422465473,0.458955497,0.451124161,0.443338662,0.435834318,0.406605482,0.393633097,0.389915556,0.386249989,0.346597105,0.351142406,0.338587731,0.337922931,0.33749938,0.319000661,0.316623092
Australia,193,Gender Development Index,GE_GDI,Value,,,,0.954733133,0.95602572,0.957212508,0.959271848,0.963787973,0.963140368,0.965352178,0.965310633,0.964968145,0.962481618,0.962913454,0.96293062,0.96374929,0.967863441,0.96975714,0.970348179,0.972203195,0.972654223,0.972919703,0.972588122,0.970633805
